,Role,City,State,Experience,Salary_in_office,Salary_remote,Avg.OfficeRent_per_sqft,Avg internet monthly payment,Annual Commute Cost,Cost of Living Index,Electricity Price (cents per kWh),adjusted_national_salary,Remote Work Expenses,Office Rent,In-Office Expenses,Total In-office salary,Total Remote salary,remote_vs_office_cost_ratio
1,IT project manager,Farmers Branch,Texas,Entry-level,78500.0,87192.72,31.26,81.66,6119.97,103.88,15.32,83936.0,2634.48,56268.0,62387.97,140887.97,89827.2,0.64
2,IT project manager,Naples,Florida,Entry-level,43500.0,91825.98,34.28,83.25,5147.83,109.4,14.2,83936.0,2532.6,61704.0,66851.83,110351.83,94358.58,0.86
3,IT project manager,Cleveland,Ohio,Entry-level,44500.0,75542.4,20.79,81.66,3936.9,90.0,15.98,83936.0,2705.76,37422.0,41358.9,85858.9,78248.16,0.91
4,IT project manager,Opa-locka,Florida,Entry-level,72500.0,85883.32,32.93,83.25,5147.83,102.32,14.2,83936.0,2532.6,59274.0,64421.83,136921.83,88415.92,0.65
5,IT project manager,San Diego,California,Entry-level,55000.0,114320.83,41.6,81.66,6210.03,136.2,30.55,83936.0,4279.32,74880.0,81090.03,136090.03,118600.15,0.87
6,IT project manager,New York,New York,Entry-level,87500.0,107438.08,24.15,81.66,10831.74,128.0,24.37,83936.0,3611.88,43470.0,54301.74,141801.74,111049.96,0.78
7,IT project manager,San Diego,California,Entry-level,76000.0,114320.83,41.6,81.66,6210.03,136.2,30.55,83936.0,4279.32,74880.0,81090.03,157090.03,118600.15,0.75
8,IT project manager,Washington,DC,Entry-level,80000.0,100807.14,52.54,81.66,11067.07,120.1,16.5,83936.0,2761.92,94572.0,105639.07,185639.07,103569.06,0.56
9,IT project manager,Dearborn,Michigan,Entry-level,73000.0,83348.45,17.86,81.66,,99.3,18.41,83936.0,2968.2,32148.0,,73000.0,86316.65,1.18
10,IT project manager,Salem,Massachusetts,Entry-level,70000.0,107807.4,65.72,93.6,7871.09,128.44,31.22,83936.0,4494.96,118296.0,126167.09,196167.09,112302.36,0.57
11,IT project manager,Herndon,Virginia,Entry-level,107500.0,83264.51,29.67,86.7,4570.38,99.2,14.46,83936.0,2602.08,53406.0,57976.38,165476.38,85866.59,0.52
12,IT project manager,Little Rock,Arkansas,Entry-level,66000.0,73863.68,19.74,80.01,3854.67,88.0,11.74,83936.0,2228.04,35532.0,39386.67,105386.67,76091.72,0.72
13,IT project manager,Waukesha,Wisconsin,Entry-level,119500.0,80326.75,20.62,81.66,4219.95,95.7,16.31,83936.0,2741.4,37116.0,41335.95,160835.95,83068.15,0.52
15,IT project manager,Dallas,Texas,Entry-level,91000.0,82676.96,26.83,81.66,5360.48,98.5,15.32,83936.0,2634.48,48294.0,53654.48,144654.48,85311.44,0.59
16,IT project manager,Greenville,North Carolina,Entry-level,83500.0,75374.53,29.03,81.66,5231.42,89.8,13.49,83936.0,2436.84,52254.0,57485.42,140985.42,77811.37,0.55
17,IT project manager,Fairfield,Ohio,Entry-level,59500.0,77053.25,20.79,81.66,4249.67,91.8,15.98,83936.0,2705.76,37422.0,41671.67,101171.67,79759.01,0.79
18,IT project manager,Albany,New York,Entry-level,85000.0,72500.0,19.46,81.66,8929.65,100.1,24.37,83936.0,3611.88,35028.0,43957.65,128957.65,76111.88,0.59
19,IT project manager,Albany,New York,Entry-level,85000.0,82500.0,19.46,81.66,8929.65,100.1,24.37,83936.0,3611.88,35028.0,43957.65,128957.65,86111.88,0.67
20,IT project manager,Lisle,Illinois,Entry-level,65000.0,81988.68,23.26,81.66,8319.68,97.68,15.99,83936.0,2706.84,41868.0,50187.68,115187.68,84695.52,0.74
21,IT project manager,Jacksonville,Florida,Entry-level,113000.0,83096.64,22.64,83.25,4540.98,99.0,14.2,83936.0,2532.6,40752.0,45292.98,158292.98,85629.24,0.54
23,IT project manager,Norcross,Georgia,Entry-level,90000.0,83289.69,18.8,81.66,7289.35,99.23,13.49,83936.0,2436.84,33840.0,41129.35,131129.35,85726.53,0.65
24,IT project manager,Lehi,Utah,Entry-level,75000.0,88888.22,29.06,69.01,4143.37,105.9,11.02,83936.0,2018.28,52308.0,56451.37,131451.37,90906.5,0.69
25,IT project manager,Duluth,Minnesota,Entry-level,91500.0,78228.35,25.96,68.66,5694.89,93.2,14.05,83936.0,2341.32,46728.0,52422.89,143922.89,80569.67,0.56
26,IT project manager,Chicago,Illinois,Entry-level,85500.0,122500.0,34.16,81.66,8319.68,100.1,15.99,83936.0,2706.84,61488.0,69807.68,155307.68,125206.84,0.81
27,IT project manager,Washington,DC,Entry-level,90500.0,100807.14,52.54,81.66,11067.07,120.1,16.5,83936.0,2761.92,94572.0,105639.07,196139.07,103569.06,0.53
28,IT project manager,Jersey City,New Jersey,Entry-level,75000.0,87545.25,50.0,82.79,10903.23,104.3,19.49,83936.0,3098.4,90000.0,100903.23,175903.23,90643.65,0.52
29,IT project manager,Washington,DC,Entry-level,80500.0,100807.14,52.54,81.66,11067.07,120.1,16.5,83936.0,2761.92,94572.0,105639.07,186139.07,103569.06,0.56
30,IT project manager,Washington,DC,Entry-level,95000.0,100807.14,52.54,81.66,11067.07,120.1,16.5,83936.0,2761.92,94572.0,105639.07,200639.07,103569.06,0.52
40,IT project manager,Washington,DC,Entry-level,94000.0,100807.14,52.54,81.66,11067.07,120.1,16.5,83936.0,2761.92,94572.0,105639.07,199639.07,103569.06,0.52
51,IT project manager,Jacksonville,Florida,Entry-level,93000.0,83096.64,22.64,83.25,4540.98,99.0,14.2,83936.0,2532.6,40752.0,45292.98,138292.98,85629.24,0.62
52,IT project manager,Tampa,Florida,Entry-level,77000.0,85111.1,31.47,83.25,5623.94,101.4,14.2,83936.0,2532.6,56646.0,62269.94,139269.94,87643.7,0.63
53,IT project manager,Los Angeles,California,Entry-level,164500.0,118014.02,49.02,81.66,6877.72,140.6,30.55,83936.0,4279.32,88236.0,95113.72,259613.72,122293.34,0.47
54,IT project manager,Irving,Texas,Entry-level,79500.0,87192.72,28.59,81.66,5115.9,103.88,15.32,83936.0,2634.48,51462.0,56577.9,136077.9,89827.2,0.66
55,IT project manager,Washington,DC,Entry-level,77500.0,100807.14,52.54,81.66,11067.07,120.1,16.5,83936.0,2761.92,94572.0,105639.07,183139.07,103569.06,0.57
56,IT project manager,Martinsburg,West Virginia,Entry-level,61000.0,,,86.17,,,14.51,83936.0,2601.12,,,61000.0,,
57,IT project manager,Charleston,South Carolina,Entry-level,71500.0,85362.91,34.93,74.17,,101.7,13.87,83936.0,2388.0,62874.0,,71500.0,87750.91,1.23
58,IT project manager,Florham Park,New Jersey,Entry-level,92500.0,87545.25,28.52,82.79,10903.23,104.3,19.49,83936.0,3098.4,51336.0,62239.23,154739.23,90643.65,0.59
59,IT project manager,Los Angeles,California,Entry-level,14000.0,118014.02,49.02,81.66,6877.72,140.6,30.55,83936.0,4279.32,88236.0,95113.72,109113.72,122293.34,1.12
60,IT project manager,Richland,Washington,Entry-level,95000.0,103627.39,40.35,81.66,10361.54,123.46,11.83,83936.0,2257.56,72630.0,82991.54,177991.54,105884.95,0.59
61,IT project manager,Decatur,Georgia,Entry-level,86500.0,83289.69,32.12,81.66,7289.35,99.23,13.49,83936.0,2436.84,57816.0,65105.35,151605.35,85726.53,0.57
72,IT project manager,Ashburn,Virginia,Entry-level,75000.0,83264.51,31.73,86.7,4570.38,99.2,14.46,83936.0,2602.08,57114.0,61684.38,136684.38,85866.59,0.63
82,IT project manager,Cleveland,Ohio,Entry-level,59500.0,75542.4,20.79,81.66,3936.9,90.0,15.98,83936.0,2705.76,37422.0,41358.9,100858.9,78248.16,0.78
83,IT project manager,San Antonio,Texas,Entry-level,76500.0,77808.67,27.34,81.66,4251.07,92.7,15.32,83936.0,2634.48,49212.0,53463.07,129963.07,80443.15,0.62
84,IT project manager,Chicago,Illinois,Entry-level,122500.0,122500.0,34.16,81.66,8319.68,100.1,15.99,83936.0,2706.84,61488.0,69807.68,192307.68,125206.84,0.65
85,IT project manager,Mobile,Alabama,Entry-level,78500.0,74115.49,16.12,74.1,3861.89,88.3,14.91,83936.0,2499.48,29016.0,32877.89,111377.89,76614.97,0.69
86,IT project manager,Le Mars,Iowa,Entry-level,70000.0,,,75.86,,,12.43,83936.0,2252.76,,,70000.0,,
87,IT project manager,Albany,New York,Entry-level,82500.0,72500.0,19.46,81.66,8929.65,100.1,24.37,83936.0,3611.88,35028.0,43957.65,126457.65,76111.88,0.6
88,IT project manager,Albany,New York,Entry-level,82500.0,82500.0,19.46,81.66,8929.65,100.1,24.37,83936.0,3611.88,35028.0,43957.65,126457.65,86111.88,0.68
89,IT project manager,New York,New York,Entry-level,85000.0,107438.08,24.15,81.66,10831.74,128.0,24.37,83936.0,3611.88,43470.0,54301.74,139301.74,111049.96,0.8
90,IT project manager,Louisville,Kentucky,Entry-level,76000.0,76885.38,19.71,79.56,4469.83,91.6,13.28,83936.0,2388.96,35478.0,39947.83,115947.83,79274.34,0.68
91,IT project manager,Arlington,Virginia,Entry-level,71500.0,83264.51,41.96,86.7,4570.38,99.2,14.46,83936.0,2602.08,75528.0,80098.38,151598.38,85866.59,0.57
92,IT project manager,Fort Worth,Texas,Entry-level,103500.0,87192.72,27.16,81.66,5579.72,103.88,15.32,83936.0,2634.48,48888.0,54467.72,157967.72,89827.2,0.57
93,IT project manager,Frankfort,Kentucky,Entry-level,62500.0,73947.62,19.45,79.56,4469.83,88.1,13.28,83936.0,2388.96,35010.0,39479.83,101979.83,76336.58,0.75
94,IT project manager,Indianapolis,Indiana,Entry-level,56000.0,75710.27,20.84,81.66,4670.34,90.2,14.42,83936.0,2537.28,37512.0,42182.34,98182.34,78247.55,0.8
95,IT project manager,Springfield,Illinois,Entry-level,8000.0,73444.0,30.57,81.66,8319.68,87.5,15.99,83936.0,2706.84,55026.0,63345.68,71345.68,76150.84,1.07
96,IT project manager,Huntsville,Alabama,Entry-level,65000.0,76633.57,24.98,74.1,4951.76,91.3,14.91,83936.0,2499.48,44964.0,49915.76,114915.76,79133.05,0.69
97,IT project manager,Olathe,Kansas,Entry-level,135500.0,,23.45,81.66,4881.54,,13.85,83936.0,2475.72,42210.0,47091.54,182591.54,,
98,IT project manager,Salt Lake City,Utah,Entry-level,86000.0,88888.22,26.96,69.01,4143.37,105.9,11.02,83936.0,2018.28,48528.0,52671.37,138671.37,90906.5,0.66
99,IT project manager,Philadelphia,Pennsylvania,Entry-level,79000.0,86789.82,38.14,84.33,6843.04,103.4,17.6,83936.0,2912.76,68652.0,75495.04,154495.04,89702.58,0.58
100,IT project manager,Waldorf,Maryland,Entry-level,83500.0,89811.52,30.52,75.44,6001.22,107.0,18.15,83936.0,2865.48,54936.0,60937.22,144437.22,92677.0,0.64
101,IT project manager,Ridgeland,Mississippi,Entry-level,61500.0,,22.57,81.66,,,13.44,83936.0,2431.44,40626.0,,61500.0,,
102,IT project manager,Moorestown,New Jersey,Entry-level,70500.0,87545.25,23.56,82.79,10903.23,104.3,19.49,83936.0,3098.4,42408.0,53311.23,123811.23,90643.65,0.73
103,IT project manager,Atlanta,Georgia,Entry-level,87500.0,84187.81,34.79,81.66,7289.35,100.3,13.49,83936.0,2436.84,62622.0,69911.35,157411.35,86624.65,0.55
104,IT project manager,Charleston,South Carolina,Entry-level,85000.0,85362.91,34.93,74.17,,101.7,13.87,83936.0,2388.0,62874.0,,85000.0,87750.91,1.03
105,IT project manager,Chantilly,Virginia,Entry-level,105000.0,83264.51,23.77,86.7,4570.38,99.2,14.46,83936.0,2602.08,42786.0,47356.38,152356.38,85866.59,0.56
106,IT project manager,South San Francisco,California,Entry-level,96000.0,130394.58,48.02,81.66,8999.4,155.35,30.55,83936.0,4279.32,86436.0,95435.4,191435.4,134673.9,0.7
107,IT project manager,Vernon Hills,Illinois,Entry-level,60000.0,81988.68,19.6,81.66,8319.68,97.68,15.99,83936.0,2706.84,35280.0,43599.68,103599.68,84695.52,0.82
108,IT project manager,Herndon,Virginia,Entry-level,117000.0,83264.51,29.67,86.7,4570.38,99.2,14.46,83936.0,2602.08,53406.0,57976.38,174976.38,85866.59,0.49
109,IT project manager,Norco,California,Entry-level,132000.0,130394.58,55.82,81.66,8999.4,155.35,30.55,83936.0,4279.32,100476.0,109475.4,241475.4,134673.9,0.56
110,IT project manager,Austin,Texas,Entry-level,62500.0,89475.78,41.81,81.66,6365.46,106.6,15.32,83936.0,2634.48,75258.0,81623.46,144123.46,92110.26,0.64
111,IT project manager,Columbus,Ohio,Entry-level,27500.0,78815.9,21.28,81.66,4562.82,93.9,15.98,83936.0,2705.76,38304.0,42866.82,70366.82,81521.66,1.16
113,IT project manager,Fort Meade,Maryland,Entry-level,58000.0,89811.52,30.52,75.44,6001.22,107.0,18.15,83936.0,2865.48,54936.0,60937.22,118937.22,92677.0,0.78
114,IT project manager,New York,New York,Entry-level,110000.0,107438.08,24.15,81.66,10831.74,128.0,24.37,83936.0,3611.88,43470.0,54301.74,164301.74,111049.96,0.68
116,IT project manager,Franklin,Tennessee,Entry-level,95500.0,81258.44,32.66,81.66,4545.52,96.81,13.04,83936.0,2388.24,58788.0,63333.52,158833.52,83646.68,0.53
117,IT project manager,Saint Paul,Minnesota,Entry-level,67570.0,82786.08,25.96,68.66,5694.89,98.63,14.05,83936.0,2341.32,46728.0,52422.89,119992.89,85127.4,0.71
119,IT project manager,Chantilly,Virginia,Entry-level,72500.0,83264.51,23.77,86.7,4570.38,99.2,14.46,83936.0,2602.08,42786.0,47356.38,119856.38,85866.59,0.72
120,IT project manager,Downers Grove,Illinois,Entry-level,27000.0,81988.68,29.68,81.66,8319.68,97.68,15.99,83936.0,2706.84,53424.0,61743.68,88743.68,84695.52,0.95
121,IT project manager,Charlotte,North Carolina,Entry-level,118000.0,82173.34,33.02,81.66,5658.26,97.9,13.49,83936.0,2436.84,59436.0,65094.26,183094.26,84610.18,0.46
122,IT project manager,Richmond,Virginia,Entry-level,96500.0,83264.51,23.34,86.7,4570.38,99.2,14.46,83936.0,2602.08,42012.0,46582.38,143082.38,85866.59,0.6
123,IT project manager,Austin,Texas,Entry-level,8000.0,89475.78,41.81,81.66,6365.46,106.6,15.32,83936.0,2634.48,75258.0,81623.46,89623.46,92110.26,1.03
126,IT project manager,Fort Eustis,Virginia,Entry-level,77000.0,83264.51,31.73,86.7,4570.38,99.2,14.46,83936.0,2602.08,57114.0,61684.38,138684.38,85866.59,0.62
128,IT project manager,Huntsville,Alabama,Entry-level,90000.0,76633.57,24.98,74.1,4951.76,91.3,14.91,83936.0,2499.48,44964.0,49915.76,139915.76,79133.05,0.57
129,IT project manager,Jupiter,Florida,Entry-level,83000.0,85883.32,32.93,83.25,5147.83,102.32,14.2,83936.0,2532.6,59274.0,64421.83,147421.83,88415.92,0.6
130,IT project manager,New Orleans,Louisiana,Entry-level,72000.0,77556.86,20.03,81.66,4692.05,92.4,11.7,83936.0,2243.52,36054.0,40746.05,112746.05,79800.38,0.71
131,IT project manager,Minot AFB,North Dakota,Entry-level,22000.0,78144.42,,56.42,,93.1,10.21,83936.0,1779.72,,,22000.0,79924.14,3.63
132,IT project manager,Greensburg,Pennsylvania,Entry-level,72000.0,82979.13,34.78,84.33,6479.14,98.86,17.6,83936.0,2912.76,62604.0,69083.14,141083.14,85891.89,0.61
133,IT project manager,Cambridge,Massachusetts,Entry-level,145000.0,107807.4,65.72,93.6,7871.09,128.44,31.22,83936.0,4494.96,118296.0,126167.09,271167.09,112302.36,0.41
134,IT project manager,Fort Detrick,Maryland,Entry-level,130000.0,89811.52,30.52,75.44,6001.22,107.0,18.15,83936.0,2865.48,54936.0,60937.22,190937.22,92677.0,0.49
135,IT project manager,Hopewell,Virginia,Entry-level,77000.0,83264.51,31.73,86.7,4570.38,99.2,14.46,83936.0,2602.08,57114.0,61684.38,138684.38,85866.59,0.62
136,IT project manager,Scott Air Force Base,Illinois,Entry-level,67000.0,81988.68,30.57,81.66,8319.68,97.68,15.99,83936.0,2706.84,55026.0,63345.68,130345.68,84695.52,0.65
138,IT project manager,Annapolis Junction,Maryland,Entry-level,92000.0,89811.52,30.52,75.44,6001.22,107.0,18.15,83936.0,2865.48,54936.0,60937.22,152937.22,92677.0,0.61
139,IT project manager,Atlanta,Georgia,Entry-level,128000.0,84187.81,34.79,81.66,7289.35,100.3,13.49,83936.0,2436.84,62622.0,69911.35,197911.35,86624.65,0.44
140,IT project manager,Annapolis Junction,Maryland,Entry-level,128000.0,89811.52,30.52,75.44,6001.22,107.0,18.15,83936.0,2865.48,54936.0,60937.22,188937.22,92677.0,0.49
150,IT project manager,Oakland,California,Mid-level,113000.0,162993.22,51.74,81.66,8415.01,155.35,30.55,104920.0,4279.32,93132.0,101547.01,214547.01,167272.54,0.78
152,IT project manager,Erie,Pennsylvania,Mid-level,126500.0,96316.56,34.78,84.33,6479.14,91.8,17.6,104920.0,2912.76,62604.0,69083.14,195583.14,99229.32,0.51
153,IT project manager,Philadelphia,Pennsylvania,Mid-level,120000.0,108487.28,38.14,84.33,6843.04,103.4,17.6,104920.0,2912.76,68652.0,75495.04,195495.04,111400.04,0.57
154,IT project manager,Mount Juliet,Tennessee,Mid-level,135000.0,101573.05,28.94,81.66,4545.52,96.81,13.04,104920.0,2388.24,52092.0,56637.52,191637.52,103961.29,0.54
155,IT project manager,Artesia,New Mexico,Mid-level,88000.0,110270.92,,68.46,,105.1,14.26,104920.0,2361.6,,,88000.0,112632.52,1.28
156,IT project manager,Austin,Texas,Mid-level,92500.0,130000.0,41.81,81.66,6365.46,106.6,15.32,104920.0,2634.48,75258.0,81623.46,174123.46,132634.48,0.76
158,IT project manager,Austin,Texas,Mid-level,92500.0,165500.0,41.81,81.66,6365.46,106.6,15.32,104920.0,2634.48,75258.0,81623.46,174123.46,168134.48,0.97
159,IT project manager,Downey,California,Mid-level,84000.0,162993.22,55.82,81.66,8999.4,155.35,30.55,104920.0,4279.32,100476.0,109475.4,193475.4,167272.54,0.86
160,IT project manager,Rancho Mirage,California,Mid-level,98500.0,162993.22,55.82,81.66,8999.4,155.35,30.55,104920.0,4279.32,100476.0,109475.4,207975.4,167272.54,0.8
161,IT project manager,Chicago,Illinois,Mid-level,160000.0,105024.92,34.16,81.66,8319.68,100.1,15.99,104920.0,2706.84,61488.0,69807.68,229807.68,107731.76,0.47
162,IT project manager,Pittsburgh,Pennsylvania,Mid-level,115000.0,97680.52,25.92,84.33,5205.47,93.1,17.6,104920.0,2912.76,46656.0,51861.47,166861.47,100593.28,0.6
181,IT project manager,Warrenton,Virginia,Mid-level,150000.0,104080.64,31.73,86.7,4570.38,99.2,14.46,104920.0,2602.08,57114.0,61684.38,211684.38,106682.72,0.5
183,IT project manager,Raleigh,North Carolina,Mid-level,125000.0,147500.0,31.68,81.66,5262.66,99.7,13.49,104920.0,2436.84,57024.0,62286.66,187286.66,149936.84,0.8
184,IT project manager,Milwaukee,Wisconsin,Mid-level,111500.0,98414.96,23.29,81.66,3992.97,93.8,16.31,104920.0,2741.4,41922.0,45914.97,157414.97,101156.36,0.64
185,IT project manager,Lake Forest,Illinois,Mid-level,104000.0,102485.86,30.57,81.66,8319.68,97.68,15.99,104920.0,2706.84,55026.0,63345.68,167345.68,105192.7,0.63
186,IT project manager,Kansas City,Kansas,Mid-level,104500.0,,24.08,81.66,4325.62,,13.85,104920.0,2475.72,43344.0,47669.62,152169.62,,
187,IT project manager,Westwood,Massachusetts,Mid-level,142500.0,134759.25,65.72,93.6,7871.09,128.44,31.22,104920.0,4494.96,118296.0,126167.09,268667.09,139254.21,0.52
188,IT project manager,Austin,Texas,Mid-level,109000.0,130000.0,41.81,81.66,6365.46,106.6,15.32,104920.0,2634.48,75258.0,81623.46,190623.46,132634.48,0.7
190,IT project manager,Austin,Texas,Mid-level,109000.0,165500.0,41.81,81.66,6365.46,106.6,15.32,104920.0,2634.48,75258.0,81623.46,190623.46,168134.48,0.88
191,IT project manager,Los Alamos,New Mexico,Mid-level,126000.0,110270.92,,68.46,,105.1,14.26,104920.0,2361.6,,,126000.0,112632.52,0.89
201,IT project manager,Plano,Texas,Mid-level,132000.0,108990.9,37.11,81.66,7098.23,103.88,15.32,104920.0,2634.48,66798.0,73896.23,205896.23,111625.38,0.54
202,IT project manager,Beaverton,Oregon,Mid-level,108500.0,122231.8,20.91,72.27,6557.06,116.5,14.12,104920.0,2392.2,37638.0,44195.06,152695.06,124624.0,0.82
203,IT project manager,Boston,Massachusetts,Mid-level,151500.0,199000.0,65.72,93.6,8589.18,132.6,31.22,104920.0,4494.96,118296.0,126885.18,278385.18,203494.96,0.73
204,IT project manager,San Francisco,California,Mid-level,117500.0,292500.0,62.2,81.66,12650.66,178.6,30.55,104920.0,4279.32,111960.0,124610.66,242110.66,296779.32,1.23
205,IT project manager,San Francisco,California,Mid-level,117500.0,146000.0,62.2,81.66,12650.66,178.6,30.55,104920.0,4279.32,111960.0,124610.66,242110.66,150279.32,0.62
207,IT project manager,Franklin,Tennessee,Mid-level,135000.0,101573.05,32.66,81.66,4545.52,96.81,13.04,104920.0,2388.24,58788.0,63333.52,198333.52,103961.29,0.52
208,IT project manager,Oakland,California,Mid-level,152500.0,162993.22,51.74,81.66,8415.01,155.35,30.55,104920.0,4279.32,93132.0,101547.01,254047.01,167272.54,0.66
209,IT project manager,Hampton,New Jersey,Mid-level,113000.0,109431.56,41.23,82.79,10903.23,104.3,19.49,104920.0,3098.4,74214.0,85117.23,198117.23,112529.96,0.57
210,IT project manager,Saint Louis,Missouri,Mid-level,121000.0,95162.44,24.6,72.8,4508.63,90.7,11.57,104920.0,2123.16,44280.0,48788.63,169788.63,97285.6,0.57
229,IT project manager,Eglin Village,Florida,Mid-level,118000.0,107354.14,32.93,83.25,5147.83,102.32,14.2,104920.0,2532.6,59274.0,64421.83,182421.83,109886.74,0.6
230,IT project manager,Lexington,Kentucky,Mid-level,81500.0,95582.12,19.19,79.56,4469.83,91.1,13.28,104920.0,2388.96,34542.0,39011.83,120511.83,97971.08,0.81
231,IT project manager,Mountain View,California,Mid-level,73000.0,162993.22,91.99,81.66,8999.4,155.35,30.55,104920.0,4279.32,165582.0,174581.4,247581.4,167272.54,0.68
232,IT project manager,Austin,Texas,Mid-level,97000.0,130000.0,41.81,81.66,6365.46,106.6,15.32,104920.0,2634.48,75258.0,81623.46,178623.46,132634.48,0.74
234,IT project manager,Austin,Texas,Mid-level,97000.0,165500.0,41.81,81.66,6365.46,106.6,15.32,104920.0,2634.48,75258.0,81623.46,178623.46,168134.48,0.94
235,IT project manager,Blaine,Minnesota,Mid-level,115000.0,103482.6,25.96,68.66,5694.89,98.63,14.05,104920.0,2341.32,46728.0,52422.89,167422.89,105823.92,0.63
236,IT project manager,Lake Forest,Illinois,Mid-level,143000.0,102485.86,30.57,81.66,8319.68,97.68,15.99,104920.0,2706.84,55026.0,63345.68,206345.68,105192.7,0.51
237,IT project manager,Washington,DC,Mid-level,122500.0,98000.0,52.54,81.66,11067.07,120.1,16.5,104920.0,2761.92,94572.0,105639.07,228139.07,100761.92,0.44
238,IT project manager,Washington,DC,Mid-level,122500.0,125000.0,52.54,81.66,11067.07,120.1,16.5,104920.0,2761.92,94572.0,105639.07,228139.07,127761.92,0.56
239,IT project manager,Edgewood,New York,Mid-level,115000.0,115957.58,24.15,81.66,8929.65,110.52,24.37,104920.0,3611.88,43470.0,52399.65,167399.65,119569.46,0.71
240,IT project manager,Rolling Meadows,Illinois,Mid-level,140500.0,102485.86,18.91,81.66,8319.68,97.68,15.99,104920.0,2706.84,34038.0,42357.68,182857.68,105192.7,0.58
242,IT project manager,Raleigh,North Carolina,Mid-level,154000.0,147500.0,31.68,81.66,5262.66,99.7,13.49,104920.0,2436.84,57024.0,62286.66,216286.66,149936.84,0.69
243,IT project manager,Oakland,California,Mid-level,165000.0,162993.22,51.74,81.66,8415.01,155.35,30.55,104920.0,4279.32,93132.0,101547.01,266547.01,167272.54,0.63
244,IT project manager,San Diego,California,Mid-level,84000.0,85000.0,41.6,81.66,6210.03,136.2,30.55,104920.0,4279.32,74880.0,81090.03,165090.03,89279.32,0.54
245,IT project manager,Santa Monica,California,Mid-level,80000.0,162993.22,64.94,81.66,8999.4,155.35,30.55,104920.0,4279.32,116892.0,125891.4,205891.4,167272.54,0.81
246,IT project manager,San Diego,California,Mid-level,178000.0,85000.0,41.6,81.66,6210.03,136.2,30.55,104920.0,4279.32,74880.0,81090.03,259090.03,89279.32,0.34
258,IT project manager,Anchorage,Alaska,Mid-level,107000.0,116146.44,,103.73,4845.27,110.7,22.38,104920.0,3661.8,,,107000.0,119808.24,1.12
269,IT project manager,Goleta,California,Mid-level,162000.0,162993.22,24.43,81.66,8999.4,155.35,30.55,104920.0,4279.32,43974.0,52973.4,214973.4,167272.54,0.78
270,IT project manager,Loma Linda,California,Mid-level,134000.0,162993.22,55.82,81.66,8999.4,155.35,30.55,104920.0,4279.32,100476.0,109475.4,243475.4,167272.54,0.69
271,IT project manager,Stow,Ohio,Mid-level,101000.0,96316.56,20.79,81.66,4249.67,91.8,15.98,104920.0,2705.76,37422.0,41671.67,142671.67,99022.32,0.69
281,IT project manager,O Fallon,Missouri,Mid-level,125500.0,95162.44,22.73,72.8,4508.63,90.7,11.57,104920.0,2123.16,40914.0,45422.63,170922.63,97285.6,0.57
286,IT project manager,Anchorage,Alaska,Mid-level,116500.0,116146.44,,103.73,4845.27,110.7,22.38,104920.0,3661.8,,,116500.0,119808.24,1.03
287,IT project manager,Carlsbad,California,Mid-level,147000.0,162993.22,36.01,81.66,8999.4,155.35,30.55,104920.0,4279.32,64818.0,73817.4,220817.4,167272.54,0.76
288,IT project manager,Austin,Texas,Mid-level,194000.0,130000.0,41.81,81.66,6365.46,106.6,15.32,104920.0,2634.48,75258.0,81623.46,275623.46,132634.48,0.48
290,IT project manager,Austin,Texas,Mid-level,194000.0,165500.0,41.81,81.66,6365.46,106.6,15.32,104920.0,2634.48,75258.0,81623.46,275623.46,168134.48,0.61
291,IT project manager,Towson,Maryland,Mid-level,136000.0,112264.4,25.75,75.44,6001.22,107.0,18.15,104920.0,2865.48,46350.0,52351.22,188351.22,115129.88,0.61
292,IT project manager,Abbott Park,Illinois,Mid-level,191000.0,102485.86,30.57,81.66,8319.68,97.68,15.99,104920.0,2706.84,55026.0,63345.68,254345.68,105192.7,0.41
293,IT project manager,Austin,Texas,Mid-level,135000.0,130000.0,41.81,81.66,6365.46,106.6,15.32,104920.0,2634.48,75258.0,81623.46,216623.46,132634.48,0.61
295,IT project manager,Austin,Texas,Mid-level,135000.0,165500.0,41.81,81.66,6365.46,106.6,15.32,104920.0,2634.48,75258.0,81623.46,216623.46,168134.48,0.78
296,IT project manager,Reston,Virginia,Mid-level,127000.0,104080.64,30.21,86.7,4570.38,99.2,14.46,104920.0,2602.08,54378.0,58948.38,185948.38,106682.72,0.57
297,IT project manager,Mooresville,North Carolina,Mid-level,131000.0,100985.5,26.16,81.66,5231.42,96.25,13.49,104920.0,2436.84,47088.0,52319.42,183319.42,103422.34,0.56
298,IT project manager,Boston,Massachusetts,Mid-level,149000.0,199000.0,65.72,93.6,8589.18,132.6,31.22,104920.0,4494.96,118296.0,126885.18,275885.18,203494.96,0.74
299,IT project manager,Atlanta,Georgia,Mid-level,134000.0,151500.0,34.79,81.66,7289.35,100.3,13.49,104920.0,2436.84,62622.0,69911.35,203911.35,153936.84,0.75
300,IT project manager,Redmond,Washington,Mid-level,153500.0,129534.23,40.35,81.66,10361.54,123.46,11.83,104920.0,2257.56,72630.0,82991.54,236491.54,131791.79,0.56
302,IT project manager,Cleveland,Ohio,Mid-level,85000.0,94428.0,20.79,81.66,3936.9,90.0,15.98,104920.0,2705.76,37422.0,41358.9,126358.9,97133.76,0.77
304,IT project manager,Scottsdale,Arizona,Mid-level,136500.0,105969.2,33.08,75.34,6794.99,101.0,15.2,104920.0,2545.68,59544.0,66338.99,202838.99,108514.88,0.53
315,IT project manager,Buffalo,New York,Mid-level,140000.0,102087.16,19.21,81.66,4174.42,97.3,24.37,104920.0,3611.88,34578.0,38752.42,178752.42,105699.04,0.59
316,IT project manager,Castle Rock,Colorado,Mid-level,136000.0,120385.21,33.2,81.66,6740.21,114.74,15.16,104920.0,2617.2,59760.0,66500.21,202500.21,123002.41,0.61
319,IT project manager,Atlanta,Georgia,Mid-level,175500.0,151500.0,34.79,81.66,7289.35,100.3,13.49,104920.0,2436.84,62622.0,69911.35,245411.35,153936.84,0.63
320,IT project manager,Chevy Chase,Maryland,Mid-level,195000.0,195000.0,30.52,75.44,6001.22,107.0,18.15,104920.0,2865.48,54936.0,60937.22,255937.22,197865.48,0.77
321,IT project manager,Oakland,California,Mid-level,189000.0,162993.22,51.74,81.66,8415.01,155.35,30.55,104920.0,4279.32,93132.0,101547.01,290547.01,167272.54,0.58
322,IT project manager,Westwood,Massachusetts,Mid-level,96500.0,134759.25,65.72,93.6,7871.09,128.44,31.22,104920.0,4494.96,118296.0,126167.09,222667.09,139254.21,0.63
332,IT project manager,Boston,Massachusetts,Mid-level,183000.0,199000.0,65.72,93.6,8589.18,132.6,31.22,104920.0,4494.96,118296.0,126885.18,309885.18,203494.96,0.66
333,IT project manager,Tucson,Arizona,Mid-level,157500.0,102506.84,19.59,75.34,3896.09,97.7,15.2,104920.0,2545.68,35262.0,39158.09,196658.09,105052.52,0.53
334,IT project manager,San Jose,California,Mid-level,165500.0,182036.2,45.99,81.66,8394.62,173.5,30.55,104920.0,4279.32,82782.0,91176.62,256676.62,186315.52,0.73
335,IT project manager,Houston,Texas,Mid-level,109500.0,129000.0,31.12,81.66,5245.46,95.8,15.32,104920.0,2634.48,56016.0,61261.46,170761.46,131634.48,0.77
345,IT project manager,Eagan,Minnesota,Mid-level,142000.0,103482.6,21.35,68.66,5694.89,98.63,14.05,104920.0,2341.32,38430.0,44124.89,186124.89,105823.92,0.57
346,IT project manager,Quincy,Massachusetts,Mid-level,128500.0,134759.25,65.72,93.6,7871.09,128.44,31.22,104920.0,4494.96,118296.0,126167.09,254667.09,139254.21,0.55
347,IT project manager,Milwaukee,Wisconsin,Mid-level,105000.0,98414.96,23.29,81.66,3992.97,93.8,16.31,104920.0,2741.4,41922.0,45914.97,150914.97,101156.36,0.67
348,IT project manager,Fairfield,California,Mid-level,68455.0,162993.22,55.82,81.66,8999.4,155.35,30.55,104920.0,4279.32,100476.0,109475.4,177930.4,167272.54,0.94
349,IT project manager,Jersey City,New Jersey,Mid-level,105500.0,109431.56,50.0,82.79,10903.23,104.3,19.49,104920.0,3098.4,90000.0,100903.23,206403.23,112529.96,0.55
350,IT project manager,Redmond,Washington,Mid-level,216000.0,129534.23,40.35,81.66,10361.54,123.46,11.83,104920.0,2257.56,72630.0,82991.54,298991.54,131791.79,0.44
351,IT project manager,Wilmington,Delaware,Mid-level,101000.0,,,80.66,,,16.68,104920.0,2769.36,,,101000.0,,
352,IT project manager,Chantilly,Virginia,Mid-level,129000.0,104080.64,23.77,86.7,4570.38,99.2,14.46,104920.0,2602.08,42786.0,47356.38,176356.38,106682.72,0.6
353,IT project manager,Rosemont,Illinois,Mid-level,107000.0,102485.86,33.29,81.66,8319.68,97.68,15.99,104920.0,2706.84,59922.0,68241.68,175241.68,105192.7,0.6
354,IT project manager,Coral Gables,Florida,Mid-level,130000.0,107354.14,50.34,83.25,5147.83,102.32,14.2,104920.0,2532.6,90612.0,95759.83,225759.83,109886.74,0.49
355,IT project manager,Chicago,Illinois,Mid-level,162000.0,105024.92,34.16,81.66,8319.68,100.1,15.99,104920.0,2706.84,61488.0,69807.68,231807.68,107731.76,0.46
357,IT project manager,Oakland,California,Mid-level,189000.0,162993.22,51.74,81.66,8415.01,155.35,30.55,104920.0,4279.32,93132.0,101547.01,290547.01,167272.54,0.58
358,IT project manager,Trenton,New Jersey,Mid-level,92500.0,109431.56,41.23,82.79,10903.23,104.3,19.49,104920.0,3098.4,74214.0,85117.23,177617.23,112529.96,0.63
359,IT project manager,Washington,DC,Mid-level,163500.0,98000.0,52.54,81.66,11067.07,120.1,16.5,104920.0,2761.92,94572.0,105639.07,269139.07,100761.92,0.37
360,IT project manager,Washington,DC,Mid-level,163500.0,125000.0,52.54,81.66,11067.07,120.1,16.5,104920.0,2761.92,94572.0,105639.07,269139.07,127761.92,0.47
361,IT project manager,Bethesda,Maryland,Mid-level,180000.0,112264.4,36.91,75.44,6001.22,107.0,18.15,104920.0,2865.48,66438.0,72439.22,252439.22,115129.88,0.46
363,IT project manager,Blaine,Minnesota,Mid-level,109000.0,103482.6,25.96,68.66,5694.89,98.63,14.05,104920.0,2341.32,46728.0,52422.89,161422.89,105823.92,0.66
364,IT project manager,Boston,Massachusetts,Mid-level,128500.0,199000.0,65.72,93.6,8589.18,132.6,31.22,104920.0,4494.96,118296.0,126885.18,255385.18,203494.96,0.8
365,IT project manager,Austin,Texas,Mid-level,123500.0,130000.0,41.81,81.66,6365.46,106.6,15.32,104920.0,2634.48,75258.0,81623.46,205123.46,132634.48,0.65
367,IT project manager,Austin,Texas,Mid-level,123500.0,165500.0,41.81,81.66,6365.46,106.6,15.32,104920.0,2634.48,75258.0,81623.46,205123.46,168134.48,0.82
368,IT project manager,Newark,Delaware,Mid-level,79000.0,,,80.66,,,16.68,104920.0,2769.36,,,79000.0,,
369,IT project manager,Fairfax,Virginia,Mid-level,197500.0,104080.64,29.26,86.7,4570.38,99.2,14.46,104920.0,2602.08,52668.0,57238.38,254738.38,106682.72,0.42
370,IT project manager,Santa Clara,California,Mid-level,201000.0,162993.22,48.72,81.66,8999.4,155.35,30.55,104920.0,4279.32,87696.0,96695.4,297695.4,167272.54,0.56
371,IT project manager,Austin,Texas,Mid-level,157500.0,130000.0,41.81,81.66,6365.46,106.6,15.32,104920.0,2634.48,75258.0,81623.46,239123.46,132634.48,0.55
373,IT project manager,Austin,Texas,Mid-level,157500.0,165500.0,41.81,81.66,6365.46,106.6,15.32,104920.0,2634.48,75258.0,81623.46,239123.46,168134.48,0.7
384,IT project manager,Fairfield,California,Mid-level,142500.0,162993.22,55.82,81.66,8999.4,155.35,30.55,104920.0,4279.32,100476.0,109475.4,251975.4,167272.54,0.66
394,IT project manager,Austin,Texas,Mid-level,92500.0,130000.0,41.81,81.66,6365.46,106.6,15.32,104920.0,2634.48,75258.0,81623.46,174123.46,132634.48,0.76
396,IT project manager,Austin,Texas,Mid-level,92500.0,165500.0,41.81,81.66,6365.46,106.6,15.32,104920.0,2634.48,75258.0,81623.46,174123.46,168134.48,0.97
397,IT project manager,Boston,Massachusetts,Mid-level,133000.0,199000.0,65.72,93.6,8589.18,132.6,31.22,104920.0,4494.96,118296.0,126885.18,259885.18,203494.96,0.78
398,IT project manager,Boston,Massachusetts,Mid-level,182000.0,199000.0,65.72,93.6,8589.18,132.6,31.22,104920.0,4494.96,118296.0,126885.18,308885.18,203494.96,0.66
399,IT project manager,Westwood,Massachusetts,Mid-level,175000.0,134759.25,65.72,93.6,7871.09,128.44,31.22,104920.0,4494.96,118296.0,126167.09,301167.09,139254.21,0.46
400,IT project manager,Novi,Michigan,Mid-level,187000.0,104185.56,29.41,81.66,,99.3,18.41,104920.0,2968.2,52938.0,,187000.0,107153.76,0.57
417,IT project manager,Beaverton,Oregon,Mid-level,120500.0,122231.8,20.91,72.27,6557.06,116.5,14.12,104920.0,2392.2,37638.0,44195.06,164695.06,124624.0,0.76
418,IT project manager,Newport Beach,California,Mid-level,154000.0,162993.22,41.57,81.66,8999.4,155.35,30.55,104920.0,4279.32,74826.0,83825.4,237825.4,167272.54,0.7
420,IT project manager,Austin,Texas,Mid-level,106000.0,130000.0,41.81,81.66,6365.46,106.6,15.32,104920.0,2634.48,75258.0,81623.46,187623.46,132634.48,0.71
422,IT project manager,Austin,Texas,Mid-level,106000.0,165500.0,41.81,81.66,6365.46,106.6,15.32,104920.0,2634.48,75258.0,81623.46,187623.46,168134.48,0.9
423,IT project manager,Lebanon,New Hampshire,Mid-level,93000.0,,,81.66,,,23.62,104920.0,3530.88,,,93000.0,,
424,IT project manager,Attleboro,Massachusetts,Mid-level,127000.0,134759.25,65.72,93.6,7871.09,128.44,31.22,104920.0,4494.96,118296.0,126167.09,253167.09,139254.21,0.55
425,IT project manager,Plano,Texas,Mid-level,127000.0,108990.9,37.11,81.66,7098.23,103.88,15.32,104920.0,2634.48,66798.0,73896.23,200896.23,111625.38,0.56
426,IT project manager,Cambridge,Massachusetts,Mid-level,176500.0,134759.25,65.72,93.6,7871.09,128.44,31.22,104920.0,4494.96,118296.0,126167.09,302667.09,139254.21,0.46
427,IT project manager,Charlotte,North Carolina,Mid-level,162000.0,152000.0,33.02,81.66,5658.26,97.9,13.49,104920.0,2436.84,59436.0,65094.26,227094.26,154436.84,0.68
428,IT project manager,Santa Clara,California,Mid-level,95000.0,162993.22,48.72,81.66,8999.4,155.35,30.55,104920.0,4279.32,87696.0,96695.4,191695.4,167272.54,0.87
429,IT project manager,Charlotte,North Carolina,Mid-level,146500.0,152000.0,33.02,81.66,5658.26,97.9,13.49,104920.0,2436.84,59436.0,65094.26,211594.26,154436.84,0.73
430,IT project manager,Radnor,Pennsylvania,Mid-level,136000.0,103723.91,48.68,84.33,6479.14,98.86,17.6,104920.0,2912.76,87624.0,94103.14,230103.14,106636.67,0.46
431,IT project manager,Austin,Texas,Mid-level,197000.0,130000.0,41.81,81.66,6365.46,106.6,15.32,104920.0,2634.48,75258.0,81623.46,278623.46,132634.48,0.48
433,IT project manager,Austin,Texas,Mid-level,197000.0,165500.0,41.81,81.66,6365.46,106.6,15.32,104920.0,2634.48,75258.0,81623.46,278623.46,168134.48,0.6
434,IT project manager,Washington,DC,Mid-level,81500.0,98000.0,52.54,81.66,11067.07,120.1,16.5,104920.0,2761.92,94572.0,105639.07,187139.07,100761.92,0.54
435,IT project manager,Washington,DC,Mid-level,81500.0,125000.0,52.54,81.66,11067.07,120.1,16.5,104920.0,2761.92,94572.0,105639.07,187139.07,127761.92,0.68
436,IT project manager,Baltimore,Maryland,Mid-level,164000.0,155500.0,30.52,75.44,6001.22,107.0,18.15,104920.0,2865.48,54936.0,60937.22,224937.22,158365.48,0.7
437,IT project manager,Washington,DC,Mid-level,137500.0,98000.0,52.54,81.66,11067.07,120.1,16.5,104920.0,2761.92,94572.0,105639.07,243139.07,100761.92,0.41
438,IT project manager,Washington,DC,Mid-level,137500.0,125000.0,52.54,81.66,11067.07,120.1,16.5,104920.0,2761.92,94572.0,105639.07,243139.07,127761.92,0.53
439,IT project manager,Alameda,California,Mid-level,192000.0,162993.22,55.82,81.66,8999.4,155.35,30.55,104920.0,4279.32,100476.0,109475.4,301475.4,167272.54,0.55
440,IT project manager,Deerfield,Illinois,Mid-level,140000.0,102485.86,28.83,81.66,8319.68,97.68,15.99,104920.0,2706.84,51894.0,60213.68,200213.68,105192.7,0.53
441,IT project manager,Attleboro,Massachusetts,Mid-level,122000.0,134759.25,65.72,93.6,7871.09,128.44,31.22,104920.0,4494.96,118296.0,126167.09,248167.09,139254.21,0.56
443,IT project manager,Erie,Pennsylvania,Mid-level,126500.0,96316.56,34.78,84.33,6479.14,91.8,17.6,104920.0,2912.76,62604.0,69083.14,195583.14,99229.32,0.51
444,IT project manager,Cary,North Carolina,Mid-level,50000.0,100985.5,28.0,81.66,8023.79,96.25,13.49,104920.0,2436.84,50400.0,58423.79,108423.79,103422.34,0.95
445,IT project manager,New Haven,Connecticut,Mid-level,107000.0,112998.84,31.06,72.47,,107.7,28.16,104920.0,3910.92,55908.0,,107000.0,116909.76,1.09
446,IT project manager,Fort Wayne,Indiana,Mid-level,157000.0,91070.56,16.77,81.66,3992.84,86.8,14.42,104920.0,2537.28,30186.0,34178.84,191178.84,93607.84,0.49
447,IT project manager,Herndon,Virginia,Mid-level,149000.0,104080.64,29.67,86.7,4570.38,99.2,14.46,104920.0,2602.08,53406.0,57976.38,206976.38,106682.72,0.52
448,IT project manager,Rochester,Minnesota,Mid-level,133500.0,102087.16,25.96,68.66,5694.89,97.3,14.05,104920.0,2341.32,46728.0,52422.89,185922.89,104428.48,0.56
449,IT project manager,San Ramon,California,Mid-level,149000.0,162993.22,29.32,81.66,8999.4,155.35,30.55,104920.0,4279.32,52776.0,61775.4,210775.4,167272.54,0.79
450,IT project manager,Omaha,Nebraska,Mid-level,60000.0,97470.68,24.26,81.66,4094.4,92.9,10.78,104920.0,2144.16,43668.0,47762.4,107762.4,99614.84,0.92
453,IT project manager,Austin,Texas,Mid-level,143000.0,130000.0,41.81,81.66,6365.46,106.6,15.32,104920.0,2634.48,75258.0,81623.46,224623.46,132634.48,0.59
455,IT project manager,Austin,Texas,Mid-level,143000.0,165500.0,41.81,81.66,6365.46,106.6,15.32,104920.0,2634.48,75258.0,81623.46,224623.46,168134.48,0.75
457,IT project manager,Ann Arbor,Michigan,Mid-level,97500.0,104185.56,25.33,81.66,,99.3,18.41,104920.0,2968.2,45594.0,,97500.0,107153.76,1.1
458,IT project manager,Denver,Colorado,Mid-level,102500.0,102500.0,36.45,81.66,6740.21,112.1,15.16,104920.0,2617.2,65610.0,72350.21,174850.21,105117.2,0.6
459,IT project manager,Miami,Florida,Mid-level,147500.0,115516.92,49.18,83.25,4541.57,110.1,14.2,104920.0,2532.6,88524.0,93065.57,240565.57,118049.52,0.49
460,IT project manager,Boulder,Colorado,Mid-level,94500.0,124540.04,28.32,81.66,6740.21,118.7,15.16,104920.0,2617.2,50976.0,57716.21,152216.21,127157.24,0.84
461,IT project manager,Boca Raton,Florida,Mid-level,103000.0,107354.14,34.31,83.25,5147.83,102.32,14.2,104920.0,2532.6,61758.0,66905.83,169905.83,109886.74,0.65
462,IT project manager,Seattle,Washington,Mid-level,146000.0,130730.32,43.13,81.66,10361.54,124.6,11.83,104920.0,2257.56,77634.0,87995.54,233995.54,132987.88,0.57
463,IT project manager,Houston,Texas,Mid-level,101500.0,129000.0,31.12,81.66,5245.46,95.8,15.32,104920.0,2634.48,56016.0,61261.46,162761.46,131634.48,0.81
464,IT project manager,Farmers Branch,Texas,Mid-level,114000.0,108990.9,31.26,81.66,6119.97,103.88,15.32,104920.0,2634.48,56268.0,62387.97,176387.97,111625.38,0.63
466,IT project manager,Herndon,Virginia,Mid-level,124500.0,104080.64,29.67,86.7,4570.38,99.2,14.46,104920.0,2602.08,53406.0,57976.38,182476.38,106682.72,0.58
467,IT project manager,Washington,DC,Mid-level,130500.0,98000.0,52.54,81.66,11067.07,120.1,16.5,104920.0,2761.92,94572.0,105639.07,236139.07,100761.92,0.43
468,IT project manager,Washington,DC,Mid-level,130500.0,125000.0,52.54,81.66,11067.07,120.1,16.5,104920.0,2761.92,94572.0,105639.07,236139.07,127761.92,0.54
469,IT project manager,Coppell,Texas,Mid-level,116000.0,108990.9,37.13,81.66,6119.97,103.88,15.32,104920.0,2634.48,66834.0,72953.97,188953.97,111625.38,0.59
470,IT project manager,San Francisco,California,Mid-level,177500.0,292500.0,62.2,81.66,12650.66,178.6,30.55,104920.0,4279.32,111960.0,124610.66,302110.66,296779.32,0.98
471,IT project manager,San Francisco,California,Mid-level,177500.0,146000.0,62.2,81.66,12650.66,178.6,30.55,104920.0,4279.32,111960.0,124610.66,302110.66,150279.32,0.5
473,IT project manager,Kingston,Rhode Island,Mid-level,107500.0,,,81.66,,,25.31,104920.0,3713.4,,,107500.0,,
474,IT project manager,Melbourne,Florida,Mid-level,137500.0,104185.56,22.28,83.25,5147.83,99.3,14.2,104920.0,2532.6,40104.0,45251.83,182751.83,106718.16,0.58
475,IT project manager,Brown Deer,Wisconsin,Mid-level,141000.0,100408.44,22.67,81.66,4219.95,95.7,16.31,104920.0,2741.4,40806.0,45025.95,186025.95,103149.84,0.55
476,IT project manager,Austin,Texas,Mid-level,153500.0,130000.0,41.81,81.66,6365.46,106.6,15.32,104920.0,2634.48,75258.0,81623.46,235123.46,132634.48,0.56
478,IT project manager,Austin,Texas,Mid-level,153500.0,165500.0,41.81,81.66,6365.46,106.6,15.32,104920.0,2634.48,75258.0,81623.46,235123.46,168134.48,0.72
479,IT project manager,Cupertino,California,Mid-level,230000.0,162993.22,65.47,81.66,8999.4,155.35,30.55,104920.0,4279.32,117846.0,126845.4,356845.4,167272.54,0.47
480,IT project manager,Worcester,Massachusetts,Mid-level,170000.0,118769.44,65.72,93.6,5238.08,113.2,31.22,104920.0,4494.96,118296.0,123534.08,293534.08,123264.4,0.42
482,IT project manager,Denver,Colorado,Mid-level,129500.0,102500.0,36.45,81.66,6740.21,112.1,15.16,104920.0,2617.2,65610.0,72350.21,201850.21,105117.2,0.52
483,IT project manager,Jersey City,New Jersey,Mid-level,162500.0,109431.56,50.0,82.79,10903.23,104.3,19.49,104920.0,3098.4,90000.0,100903.23,263403.23,112529.96,0.43
484,IT project manager,Worcester,Massachusetts,Mid-level,130000.0,118769.44,65.72,93.6,5238.08,113.2,31.22,104920.0,4494.96,118296.0,123534.08,253534.08,123264.4,0.49
485,IT project manager,San Diego,California,Mid-level,150000.0,85000.0,41.6,81.66,6210.03,136.2,30.55,104920.0,4279.32,74880.0,81090.03,231090.03,89279.32,0.39
486,IT project manager,Austin,Texas,Mid-level,165500.0,130000.0,41.81,81.66,6365.46,106.6,15.32,104920.0,2634.48,75258.0,81623.46,247123.46,132634.48,0.54
488,IT project manager,Austin,Texas,Mid-level,165500.0,165500.0,41.81,81.66,6365.46,106.6,15.32,104920.0,2634.48,75258.0,81623.46,247123.46,168134.48,0.68
489,IT project manager,Columbia,Maryland,Mid-level,55525.00000000000,140000.0,25.01,75.44,6001.22,107.0,18.15,104920.0,2865.48,45018.0,51019.22,106544.22,142865.48,1.34
490,IT project manager,Maryville,Tennessee,Mid-level,103000.0,101573.05,28.94,81.66,4545.52,96.81,13.04,104920.0,2388.24,52092.0,56637.52,159637.52,103961.29,0.65
491,IT project manager,Houston,Texas,Mid-level,73000.0,129000.0,31.12,81.66,5245.46,95.8,15.32,104920.0,2634.48,56016.0,61261.46,134261.46,131634.48,0.98
492,IT project manager,Seattle,Washington,Mid-level,218000.0,130730.32,43.13,81.66,10361.54,124.6,11.83,104920.0,2257.56,77634.0,87995.54,305995.54,132987.88,0.43
493,IT project manager,Morrisville,North Carolina,Mid-level,115500.0,100985.5,29.77,81.66,5231.42,96.25,13.49,104920.0,2436.84,53586.0,58817.42,174317.42,103422.34,0.59
494,IT project manager,Sunrise,Florida,Mid-level,100000.0,107354.14,29.82,83.25,5147.83,102.32,14.2,104920.0,2532.6,53676.0,58823.83,158823.83,109886.74,0.69
495,IT project manager,Charlotte,North Carolina,Mid-level,127000.0,152000.0,33.02,81.66,5658.26,97.9,13.49,104920.0,2436.84,59436.0,65094.26,192094.26,154436.84,0.8
496,IT project manager,Farmers Branch,Texas,Mid-level,86500.0,108990.9,31.26,81.66,6119.97,103.88,15.32,104920.0,2634.48,56268.0,62387.97,148887.97,111625.38,0.75
497,IT project manager,Sunnyvale,California,Mid-level,150000.0,162993.22,82.35,81.66,10354.08,155.35,30.55,104920.0,4279.32,148230.0,158584.08,308584.08,167272.54,0.54
498,IT project manager,Chicago,Illinois,Mid-level,130000.0,105024.92,34.16,81.66,8319.68,100.1,15.99,104920.0,2706.84,61488.0,69807.68,199807.68,107731.76,0.54
499,IT project manager,Nashville,Tennessee,Mid-level,91500.0,105024.92,30.46,81.66,5088.14,100.1,13.04,104920.0,2388.24,54828.0,59916.14,151416.14,107413.16,0.71
500,IT project manager,Camas,Washington,Mid-level,162000.0,129534.23,40.35,81.66,10361.54,123.46,11.83,104920.0,2257.56,72630.0,82991.54,244991.54,131791.79,0.54
501,IT project manager,Austin,Texas,Mid-level,88500.0,130000.0,41.81,81.66,6365.46,106.6,15.32,104920.0,2634.48,75258.0,81623.46,170123.46,132634.48,0.78
503,IT project manager,Austin,Texas,Mid-level,88500.0,165500.0,41.81,81.66,6365.46,106.6,15.32,104920.0,2634.48,75258.0,81623.46,170123.46,168134.48,0.99
504,IT project manager,Ann Arbor,Michigan,Mid-level,142000.0,104185.56,25.33,81.66,,99.3,18.41,104920.0,2968.2,45594.0,,142000.0,107153.76,0.75
505,IT project manager,Bloomington,Illinois,Mid-level,111500.0,93378.8,30.57,81.66,8319.68,89.0,15.99,104920.0,2706.84,55026.0,63345.68,174845.68,96085.64,0.55
506,IT project manager,Santa Clara,California,Mid-level,139500.0,162993.22,48.72,81.66,8999.4,155.35,30.55,104920.0,4279.32,87696.0,96695.4,236195.4,167272.54,0.71
507,IT project manager,Deerfield,Illinois,Mid-level,152000.0,102485.86,28.83,81.66,8319.68,97.68,15.99,104920.0,2706.84,51894.0,60213.68,212213.68,105192.7,0.5
508,IT project manager,Boston,Massachusetts,Mid-level,165500.0,199000.0,65.72,93.6,8589.18,132.6,31.22,104920.0,4494.96,118296.0,126885.18,292385.18,203494.96,0.7
509,IT project manager,Princeton,New Jersey,Mid-level,120000.0,109431.56,36.5,82.79,10903.23,104.3,19.49,104920.0,3098.4,65700.0,76603.23,196603.23,112529.96,0.57
510,IT project manager,McLean,Virginia,Mid-level,159500.0,104080.64,31.73,86.7,4570.38,99.2,14.46,104920.0,2602.08,57114.0,61684.38,221184.38,106682.72,0.48
511,IT project manager,Philadelphia,Pennsylvania,Mid-level,108500.0,108487.28,38.14,84.33,6843.04,103.4,17.6,104920.0,2912.76,68652.0,75495.04,183995.04,111400.04,0.61
512,IT project manager,Scottsdale,Arizona,Mid-level,107500.0,105969.2,33.08,75.34,6794.99,101.0,15.2,104920.0,2545.68,59544.0,66338.99,173838.99,108514.88,0.62
513,IT project manager,Plainsboro,New Jersey,Mid-level,119000.0,109431.56,41.23,82.79,10903.23,104.3,19.49,104920.0,3098.4,74214.0,85117.23,204117.23,112529.96,0.55
514,IT project manager,Lehi,Utah,Mid-level,191000.0,111110.28,29.06,69.01,4143.37,105.9,11.02,104920.0,2018.28,52308.0,56451.37,247451.37,113128.56,0.46
515,IT project manager,Newport Beach,California,Mid-level,80000.0,162993.22,41.57,81.66,8999.4,155.35,30.55,104920.0,4279.32,74826.0,83825.4,163825.4,167272.54,1.02
516,IT project manager,Andover,Massachusetts,Mid-level,96000.0,134759.25,65.72,93.6,7871.09,128.44,31.22,104920.0,4494.96,118296.0,126167.09,222167.09,139254.21,0.63
518,IT project manager,Mountain View,California,Mid-level,176500.0,162993.22,91.99,81.66,8999.4,155.35,30.55,104920.0,4279.32,165582.0,174581.4,351081.4,167272.54,0.48
519,IT project manager,Columbus,Ohio,Mid-level,106500.0,98519.88,21.28,81.66,4562.82,93.9,15.98,104920.0,2705.76,38304.0,42866.82,149366.82,101225.64,0.68
520,IT project manager,Troy,New York,Mid-level,151500.0,115957.58,24.15,81.66,8929.65,110.52,24.37,104920.0,3611.88,43470.0,52399.65,203899.65,119569.46,0.59
521,IT project manager,Anchorage,Alaska,Mid-level,135000.0,116146.44,,103.73,4845.27,110.7,22.38,104920.0,3661.8,,,135000.0,119808.24,0.89
522,IT project manager,Maryville,Tennessee,Mid-level,86500.0,101573.05,28.94,81.66,4545.52,96.81,13.04,104920.0,2388.24,52092.0,56637.52,143137.52,103961.29,0.73
532,IT project manager,San Jose,California,Mid-level,168500.0,182036.2,45.99,81.66,8394.62,173.5,30.55,104920.0,4279.32,82782.0,91176.62,259676.62,186315.52,0.72
533,IT project manager,Tampa,Florida,Mid-level,135000.0,106388.88,31.47,83.25,5623.94,101.4,14.2,104920.0,2532.6,56646.0,62269.94,197269.94,108921.48,0.55
535,IT project manager,Philadelphia,Pennsylvania,Mid-level,101500.0,108487.28,38.14,84.33,6843.04,103.4,17.6,104920.0,2912.76,68652.0,75495.04,176995.04,111400.04,0.63
536,IT project manager,Washington,DC,Mid-level,115000.0,98000.0,52.54,81.66,11067.07,120.1,16.5,104920.0,2761.92,94572.0,105639.07,220639.07,100761.92,0.46
537,IT project manager,Washington,DC,Mid-level,115000.0,125000.0,52.54,81.66,11067.07,120.1,16.5,104920.0,2761.92,94572.0,105639.07,220639.07,127761.92,0.58
556,IT project manager,Olympia,Washington,Mid-level,111000.0,116356.28,25.14,81.66,10361.54,110.9,11.83,104920.0,2257.56,45252.0,55613.54,166613.54,118613.84,0.71
558,IT project manager,Nashville,Tennessee,Mid-level,77000.0,105024.92,30.46,81.66,5088.14,100.1,13.04,104920.0,2388.24,54828.0,59916.14,136916.14,107413.16,0.78
559,IT project manager,Downers Grove,Illinois,Mid-level,103000.0,102485.86,29.68,81.66,8319.68,97.68,15.99,104920.0,2706.84,53424.0,61743.68,164743.68,105192.7,0.64
560,IT project manager,Houston,Texas,Mid-level,91000.0,129000.0,31.12,81.66,5245.46,95.8,15.32,104920.0,2634.48,56016.0,61261.46,152261.46,131634.48,0.86
561,IT project manager,Dallas,Texas,Mid-level,164000.0,100000.0,26.83,81.66,5360.48,98.5,15.32,104920.0,2634.48,48294.0,53654.48,217654.48,102634.48,0.47
582,IT project manager,Washington,DC,Mid-level,175000.0,98000.0,52.54,81.66,11067.07,120.1,16.5,104920.0,2761.92,94572.0,105639.07,280639.07,100761.92,0.36
583,IT project manager,Washington,DC,Mid-level,175000.0,125000.0,52.54,81.66,11067.07,120.1,16.5,104920.0,2761.92,94572.0,105639.07,280639.07,127761.92,0.46
593,IT project manager,San Diego,California,Mid-level,294500.0,85000.0,41.6,81.66,6210.03,136.2,30.55,104920.0,4279.32,74880.0,81090.03,375590.03,89279.32,0.24
594,IT project manager,Wilmington,Delaware,Mid-level,115500.0,,,80.66,,,16.68,104920.0,2769.36,,,115500.0,,
595,IT project manager,Washington,DC,Mid-level,142500.0,98000.0,52.54,81.66,11067.07,120.1,16.5,104920.0,2761.92,94572.0,105639.07,248139.07,100761.92,0.41
596,IT project manager,Washington,DC,Mid-level,142500.0,125000.0,52.54,81.66,11067.07,120.1,16.5,104920.0,2761.92,94572.0,105639.07,248139.07,127761.92,0.51
597,IT project manager,Northbrook,Illinois,Mid-level,115500.0,102485.86,27.82,81.66,8319.68,97.68,15.99,104920.0,2706.84,50076.0,58395.68,173895.68,105192.7,0.6
598,IT project manager,White Plains,New York,Mid-level,87000.0,115957.58,36.74,81.66,8929.65,110.52,24.37,104920.0,3611.88,66132.0,75061.65,162061.65,119569.46,0.74
599,IT project manager,Austin,Texas,Mid-level,139500.0,130000.0,41.81,81.66,6365.46,106.6,15.32,104920.0,2634.48,75258.0,81623.46,221123.46,132634.48,0.6
601,IT project manager,Austin,Texas,Mid-level,139500.0,165500.0,41.81,81.66,6365.46,106.6,15.32,104920.0,2634.48,75258.0,81623.46,221123.46,168134.48,0.76
611,IT project manager,Washington,DC,Mid-level,57500.0,98000.0,52.54,81.66,11067.07,120.1,16.5,104920.0,2761.92,94572.0,105639.07,163139.07,100761.92,0.62
612,IT project manager,Washington,DC,Mid-level,57500.0,125000.0,52.54,81.66,11067.07,120.1,16.5,104920.0,2761.92,94572.0,105639.07,163139.07,127761.92,0.78
613,IT project manager,San Francisco,California,Mid-level,130500.0,292500.0,62.2,81.66,12650.66,178.6,30.55,104920.0,4279.32,111960.0,124610.66,255110.66,296779.32,1.16
614,IT project manager,San Francisco,California,Mid-level,130500.0,146000.0,62.2,81.66,12650.66,178.6,30.55,104920.0,4279.32,111960.0,124610.66,255110.66,150279.32,0.59
615,IT project manager,Chattanooga,Tennessee,Mid-level,100000.0,95687.04,24.5,81.66,3677.76,91.2,13.04,104920.0,2388.24,44100.0,47777.76,147777.76,98075.28,0.66
616,IT project manager,Redmond,Washington,Mid-level,153500.0,129534.23,40.35,81.66,10361.54,123.46,11.83,104920.0,2257.56,72630.0,82991.54,236491.54,131791.79,0.56
617,IT project manager,Columbia,South Carolina,Mid-level,54550.0,96421.48,20.02,74.17,,91.9,13.87,104920.0,2388.0,36036.0,,54550.0,98809.48,1.81
618,IT project manager,Richardson,Texas,Mid-level,123000.0,108990.9,25.53,81.66,6119.97,103.88,15.32,104920.0,2634.48,45954.0,52073.97,175073.97,111625.38,0.64
619,IT project manager,Alpharetta,Georgia,Mid-level,95500.0,104112.12,32.12,81.66,7289.35,99.23,13.49,104920.0,2436.84,57816.0,65105.35,160605.35,106548.96,0.66
621,IT project manager,Austin,Texas,Mid-level,120500.0,130000.0,41.81,81.66,6365.46,106.6,15.32,104920.0,2634.48,75258.0,81623.46,202123.46,132634.48,0.66
623,IT project manager,Austin,Texas,Mid-level,120500.0,165500.0,41.81,81.66,6365.46,106.6,15.32,104920.0,2634.48,75258.0,81623.46,202123.46,168134.48,0.83
624,IT project manager,San Bruno,California,Mid-level,150000.0,162993.22,55.82,81.66,8999.4,155.35,30.55,104920.0,4279.32,100476.0,109475.4,259475.4,167272.54,0.64
625,IT project manager,Austin,Texas,Mid-level,200500.0,130000.0,41.81,81.66,6365.46,106.6,15.32,104920.0,2634.48,75258.0,81623.46,282123.46,132634.48,0.47
627,IT project manager,Austin,Texas,Mid-level,200500.0,165500.0,41.81,81.66,6365.46,106.6,15.32,104920.0,2634.48,75258.0,81623.46,282123.46,168134.48,0.6
628,IT project manager,Mason,Ohio,Mid-level,82500.0,96316.56,20.79,81.66,4249.67,91.8,15.98,104920.0,2705.76,37422.0,41671.67,124171.67,99022.32,0.8
629,IT project manager,Norcross,Georgia,Mid-level,110000.0,104112.12,18.8,81.66,7289.35,99.23,13.49,104920.0,2436.84,33840.0,41129.35,151129.35,106548.96,0.71
630,IT project manager,Los Angeles,California,Mid-level,109000.0,147517.52,49.02,81.66,6877.72,140.6,30.55,104920.0,4279.32,88236.0,95113.72,204113.72,151796.84,0.74
631,IT project manager,Austin,Texas,Mid-level,142500.0,130000.0,41.81,81.66,6365.46,106.6,15.32,104920.0,2634.48,75258.0,81623.46,224123.46,132634.48,0.59
633,IT project manager,Austin,Texas,Mid-level,142500.0,165500.0,41.81,81.66,6365.46,106.6,15.32,104920.0,2634.48,75258.0,81623.46,224123.46,168134.48,0.75
634,IT project manager,Petaluma,California,Mid-level,58000.0,162993.22,24.86,81.66,8999.4,155.35,30.55,104920.0,4279.32,44748.0,53747.4,111747.4,167272.54,1.5
635,IT project manager,Seattle,Washington,Mid-level,132500.0,130730.32,43.13,81.66,10361.54,124.6,11.83,104920.0,2257.56,77634.0,87995.54,220495.54,132987.88,0.6
636,IT project manager,Silver Spring,Maryland,Mid-level,111000.0,112264.4,31.38,75.44,6001.22,107.0,18.15,104920.0,2865.48,56484.0,62485.22,173485.22,115129.88,0.66
638,IT project manager,Irvine,California,Mid-level,155500.0,138500.0,34.67,81.66,9010.54,155.35,30.55,104920.0,4279.32,62406.0,71416.54,226916.54,142779.32,0.63
639,IT project manager,Sunnyvale,California,Mid-level,182500.0,162993.22,82.35,81.66,10354.08,155.35,30.55,104920.0,4279.32,148230.0,158584.08,341084.08,167272.54,0.49
640,IT project manager,Philadelphia,Pennsylvania,Mid-level,137500.0,108487.28,38.14,84.33,6843.04,103.4,17.6,104920.0,2912.76,68652.0,75495.04,212995.04,111400.04,0.52
641,IT project manager,Dallas,Texas,Mid-level,112500.0,100000.0,26.83,81.66,5360.48,98.5,15.32,104920.0,2634.48,48294.0,53654.48,166154.48,102634.48,0.62
642,IT project manager,Austin,Texas,Mid-level,121000.0,130000.0,41.81,81.66,6365.46,106.6,15.32,104920.0,2634.48,75258.0,81623.46,202623.46,132634.48,0.65
644,IT project manager,Austin,Texas,Mid-level,121000.0,165500.0,41.81,81.66,6365.46,106.6,15.32,104920.0,2634.48,75258.0,81623.46,202623.46,168134.48,0.83
645,IT project manager,Herndon,Virginia,Mid-level,201000.0,104080.64,29.67,86.7,4570.38,99.2,14.46,104920.0,2602.08,53406.0,57976.38,258976.38,106682.72,0.41
646,IT project manager,San Diego,California,Mid-level,166500.0,85000.0,41.6,81.66,6210.03,136.2,30.55,104920.0,4279.32,74880.0,81090.03,247590.03,89279.32,0.36
648,IT project manager,Sacramento,California,Mid-level,66990.00000000000,126218.76,26.2,81.66,5912.24,120.3,30.55,104920.0,4279.32,47160.0,53072.24,120062.24,130498.08,1.09
649,IT project manager,Houston,Texas,Mid-level,82000.0,129000.0,31.12,81.66,5245.46,95.8,15.32,104920.0,2634.48,56016.0,61261.46,143261.46,131634.48,0.92
650,IT project manager,Los Angeles,California,Mid-level,131500.0,147517.52,49.02,81.66,6877.72,140.6,30.55,104920.0,4279.32,88236.0,95113.72,226613.72,151796.84,0.67
651,IT project manager,Newark,Delaware,Mid-level,138500.0,,,80.66,,,16.68,104920.0,2769.36,,,138500.0,,
652,IT project manager,Newton,Massachusetts,Mid-level,108000.0,134759.25,65.72,93.6,7871.09,128.44,31.22,104920.0,4494.96,118296.0,126167.09,234167.09,139254.21,0.59
653,IT project manager,Boston,Massachusetts,Mid-level,169500.0,199000.0,65.72,93.6,8589.18,132.6,31.22,104920.0,4494.96,118296.0,126885.18,296385.18,203494.96,0.69
654,IT project manager,Columbus,Ohio,Mid-level,65355.00000000000,98519.88,21.28,81.66,4562.82,93.9,15.98,104920.0,2705.76,38304.0,42866.82,108221.82,101225.64,0.94
655,IT project manager,Everett,Washington,Mid-level,124000.0,129534.23,23.61,81.66,10361.54,123.46,11.83,104920.0,2257.56,42498.0,52859.54,176859.54,131791.79,0.75
656,IT project manager,Santa Clara,California,Mid-level,210500.0,162993.22,48.72,81.66,8999.4,155.35,30.55,104920.0,4279.32,87696.0,96695.4,307195.4,167272.54,0.54
657,IT project manager,Albany,New York,Mid-level,114000.0,105024.92,19.46,81.66,8929.65,100.1,24.37,104920.0,3611.88,35028.0,43957.65,157957.65,108636.8,0.69
658,IT project manager,Lehi,Utah,Mid-level,206500.0,111110.28,29.06,69.01,4143.37,105.9,11.02,104920.0,2018.28,52308.0,56451.37,262951.37,113128.56,0.43
659,IT project manager,Washington,DC,Mid-level,174500.0,98000.0,52.54,81.66,11067.07,120.1,16.5,104920.0,2761.92,94572.0,105639.07,280139.07,100761.92,0.36
660,IT project manager,Washington,DC,Mid-level,174500.0,125000.0,52.54,81.66,11067.07,120.1,16.5,104920.0,2761.92,94572.0,105639.07,280139.07,127761.92,0.46
661,IT project manager,Washington,DC,Mid-level,101500.0,98000.0,52.54,81.66,11067.07,120.1,16.5,104920.0,2761.92,94572.0,105639.07,207139.07,100761.92,0.49
662,IT project manager,Washington,DC,Mid-level,101500.0,125000.0,52.54,81.66,11067.07,120.1,16.5,104920.0,2761.92,94572.0,105639.07,207139.07,127761.92,0.62
663,IT project manager,Palo Alto,California,Mid-level,194500.0,162993.22,87.75,81.66,8999.4,155.35,30.55,104920.0,4279.32,157950.0,166949.4,361449.4,167272.54,0.46
664,IT project manager,Oklahoma City,Oklahoma,Mid-level,102000.0,91595.16,21.53,81.27,4392.38,87.3,11.52,104920.0,2219.4,38754.0,43146.38,145146.38,93814.56,0.65
665,IT project manager,Dublin,California,Mid-level,156000.0,162993.22,55.82,81.66,8999.4,155.35,30.55,104920.0,4279.32,100476.0,109475.4,265475.4,167272.54,0.63
666,IT project manager,Portland,Oregon,Mid-level,89000.0,122231.8,28.45,72.27,6557.06,116.5,14.12,104920.0,2392.2,51210.0,57767.06,146767.06,124624.0,0.85
667,IT project manager,Washington,DC,Mid-level,93000.0,98000.0,52.54,81.66,11067.07,120.1,16.5,104920.0,2761.92,94572.0,105639.07,198639.07,100761.92,0.51
668,IT project manager,Washington,DC,Mid-level,93000.0,125000.0,52.54,81.66,11067.07,120.1,16.5,104920.0,2761.92,94572.0,105639.07,198639.07,127761.92,0.64
669,IT project manager,Chantilly,Virginia,Mid-level,150000.0,104080.64,23.77,86.7,4570.38,99.2,14.46,104920.0,2602.08,42786.0,47356.38,197356.38,106682.72,0.54
679,IT project manager,Redmond,Washington,Mid-level,183500.0,129534.23,40.35,81.66,10361.54,123.46,11.83,104920.0,2257.56,72630.0,82991.54,266491.54,131791.79,0.49
680,IT project manager,Irving,Texas,Mid-level,148000.0,108990.9,28.59,81.66,5115.9,103.88,15.32,104920.0,2634.48,51462.0,56577.9,204577.9,111625.38,0.55
681,IT project manager,Washington,DC,Mid-level,110000.0,98000.0,52.54,81.66,11067.07,120.1,16.5,104920.0,2761.92,94572.0,105639.07,215639.07,100761.92,0.47
682,IT project manager,Washington,DC,Mid-level,110000.0,125000.0,52.54,81.66,11067.07,120.1,16.5,104920.0,2761.92,94572.0,105639.07,215639.07,127761.92,0.59
683,IT project manager,Austin,Texas,Mid-level,111500.0,130000.0,41.81,81.66,6365.46,106.6,15.32,104920.0,2634.48,75258.0,81623.46,193123.46,132634.48,0.69
685,IT project manager,Austin,Texas,Mid-level,111500.0,165500.0,41.81,81.66,6365.46,106.6,15.32,104920.0,2634.48,75258.0,81623.46,193123.46,168134.48,0.87
686,IT project manager,San Jose,California,Mid-level,176000.0,182036.2,45.99,81.66,8394.62,173.5,30.55,104920.0,4279.32,82782.0,91176.62,267176.62,186315.52,0.7
688,IT project manager,Fremont,California,Mid-level,101000.0,162993.22,34.0,81.66,12048.32,155.35,30.55,104920.0,4279.32,61200.0,73248.32,174248.32,167272.54,0.96
689,IT project manager,Chicago,Illinois,Mid-level,101000.0,105024.92,34.16,81.66,8319.68,100.1,15.99,104920.0,2706.84,61488.0,69807.68,170807.68,107731.76,0.63
690,IT project manager,Washington,DC,Mid-level,127000.0,98000.0,52.54,81.66,11067.07,120.1,16.5,104920.0,2761.92,94572.0,105639.07,232639.07,100761.92,0.43
691,IT project manager,Washington,DC,Mid-level,127000.0,125000.0,52.54,81.66,11067.07,120.1,16.5,104920.0,2761.92,94572.0,105639.07,232639.07,127761.92,0.55
692,IT project manager,Bentonville,Arkansas,Mid-level,106500.0,92329.6,19.74,80.01,3854.67,88.0,11.74,104920.0,2228.04,35532.0,39386.67,145886.67,94557.64,0.65
693,IT project manager,Wellesley,Massachusetts,Mid-level,116500.0,134759.25,65.72,93.6,7871.09,128.44,31.22,104920.0,4494.96,118296.0,126167.09,242667.09,139254.21,0.57
694,IT project manager,Boston,Massachusetts,Mid-level,81000.0,199000.0,65.72,93.6,8589.18,132.6,31.22,104920.0,4494.96,118296.0,126885.18,207885.18,203494.96,0.98
695,IT project manager,Mountain View,California,Mid-level,164500.0,162993.22,91.99,81.66,8999.4,155.35,30.55,104920.0,4279.32,165582.0,174581.4,339081.4,167272.54,0.49
696,IT project manager,Cincinnati,Ohio,Mid-level,135000.0,96946.08,18.83,81.66,4560.93,92.4,15.98,104920.0,2705.76,33894.0,38454.93,173454.93,99651.84,0.57
697,IT project manager,Fountain Valley,California,Mid-level,111500.0,162993.22,55.82,81.66,8999.4,155.35,30.55,104920.0,4279.32,100476.0,109475.4,220975.4,167272.54,0.76
699,IT project manager,Arlington,Virginia,Mid-level,94000.0,104080.64,41.96,86.7,4570.38,99.2,14.46,104920.0,2602.08,75528.0,80098.38,174098.38,106682.72,0.61
700,IT project manager,Arlington,Virginia,Mid-level,144500.0,104080.64,41.96,86.7,4570.38,99.2,14.46,104920.0,2602.08,75528.0,80098.38,224598.38,106682.72,0.47
701,IT project manager,Brookfield,Illinois,Mid-level,112000.0,102485.86,30.57,81.66,8319.68,97.68,15.99,104920.0,2706.84,55026.0,63345.68,175345.68,105192.7,0.6
702,IT project manager,Greensboro,North Carolina,Mid-level,127000.0,95477.2,20.69,81.66,3570.35,91.0,13.49,104920.0,2436.84,37242.0,40812.35,167812.35,97914.04,0.58
703,IT project manager,Fort Worth,Texas,Mid-level,99000.0,108990.9,27.16,81.66,5579.72,103.88,15.32,104920.0,2634.48,48888.0,54467.72,153467.72,111625.38,0.73
704,IT project manager,Los Angeles,California,Mid-level,135000.0,147517.52,49.02,81.66,6877.72,140.6,30.55,104920.0,4279.32,88236.0,95113.72,230113.72,151796.84,0.66
705,IT project manager,Medina,Minnesota,Mid-level,119500.0,103482.6,25.96,68.66,5694.89,98.63,14.05,104920.0,2341.32,46728.0,52422.89,171922.89,105823.92,0.62
706,IT project manager,Jersey City,New Jersey,Mid-level,104000.0,109431.56,50.0,82.79,10903.23,104.3,19.49,104920.0,3098.4,90000.0,100903.23,204903.23,112529.96,0.55
707,IT project manager,Newport,Kentucky,Mid-level,94000.0,94711.28,19.45,79.56,4469.83,90.27,13.28,104920.0,2388.96,35010.0,39479.83,133479.83,97100.24,0.73
708,IT project manager,Austin,Texas,Mid-level,105000.0,130000.0,41.81,81.66,6365.46,106.6,15.32,104920.0,2634.48,75258.0,81623.46,186623.46,132634.48,0.71
710,IT project manager,Austin,Texas,Mid-level,105000.0,165500.0,41.81,81.66,6365.46,106.6,15.32,104920.0,2634.48,75258.0,81623.46,186623.46,168134.48,0.9
711,IT project manager,Hoboken,New Jersey,Mid-level,131000.0,109431.56,41.23,82.79,10903.23,104.3,19.49,104920.0,3098.4,74214.0,85117.23,216117.23,112529.96,0.52
721,IT project manager,Bethesda,Maryland,Mid-level,169000.0,112264.4,36.91,75.44,6001.22,107.0,18.15,104920.0,2865.48,66438.0,72439.22,241439.22,115129.88,0.48
722,IT project manager,Arlington,Virginia,Mid-level,145500.0,104080.64,41.96,86.7,4570.38,99.2,14.46,104920.0,2602.08,75528.0,80098.38,225598.38,106682.72,0.47
723,IT project manager,Dallas,Texas,Mid-level,150000.0,100000.0,26.83,81.66,5360.48,98.5,15.32,104920.0,2634.48,48294.0,53654.48,203654.48,102634.48,0.5
724,IT project manager,Houston,Texas,Mid-level,108500.0,129000.0,31.12,81.66,5245.46,95.8,15.32,104920.0,2634.48,56016.0,61261.46,169761.46,131634.48,0.78
734,IT project manager,Plano,Texas,Mid-level,129500.0,108990.9,37.11,81.66,7098.23,103.88,15.32,104920.0,2634.48,66798.0,73896.23,203396.23,111625.38,0.55
735,IT project manager,Mountain View,California,Mid-level,150000.0,162993.22,91.99,81.66,8999.4,155.35,30.55,104920.0,4279.32,165582.0,174581.4,324581.4,167272.54,0.52
736,IT project manager,Coppell,Texas,Mid-level,112000.0,108990.9,37.13,81.66,6119.97,103.88,15.32,104920.0,2634.48,66834.0,72953.97,184953.97,111625.38,0.6
737,IT project manager,Richardson,Texas,Mid-level,123000.0,108990.9,25.53,81.66,6119.97,103.88,15.32,104920.0,2634.48,45954.0,52073.97,175073.97,111625.38,0.64
738,IT project manager,Chandler,Arizona,Mid-level,63500.0,105969.2,31.63,75.34,5756.99,101.0,15.2,104920.0,2545.68,56934.0,62690.99,126190.99,108514.88,0.86
739,IT project manager,El Paso,Texas,Mid-level,75000.0,92959.12,37.13,81.66,4118.69,88.6,15.32,104920.0,2634.48,66834.0,70952.69,145952.69,95593.6,0.65
740,IT project manager,Dallas,Texas,Mid-level,122500.0,100000.0,26.83,81.66,5360.48,98.5,15.32,104920.0,2634.48,48294.0,53654.48,176154.48,102634.48,0.58
741,IT project manager,Minneapolis,Minnesota,Mid-level,110000.0,110585.68,30.87,68.66,5694.89,105.4,14.05,104920.0,2341.32,55566.0,61260.89,171260.89,112927.0,0.66
742,IT project manager,Colonia Juarez,California,Mid-level,114500.0,162993.22,55.82,81.66,8999.4,155.35,30.55,104920.0,4279.32,100476.0,109475.4,223975.4,167272.54,0.75
743,IT project manager,Austin,Texas,Mid-level,127500.0,130000.0,41.81,81.66,6365.46,106.6,15.32,104920.0,2634.48,75258.0,81623.46,209123.46,132634.48,0.63
745,IT project manager,Austin,Texas,Mid-level,127500.0,165500.0,41.81,81.66,6365.46,106.6,15.32,104920.0,2634.48,75258.0,81623.46,209123.46,168134.48,0.8
746,IT project manager,Richardson,Texas,Mid-level,100500.0,108990.9,25.53,81.66,6119.97,103.88,15.32,104920.0,2634.48,45954.0,52073.97,152573.97,111625.38,0.73
747,IT project manager,Harrisburg,Pennsylvania,Mid-level,108500.0,100513.36,19.48,84.33,6479.14,95.8,17.6,104920.0,2912.76,35064.0,41543.14,150043.14,103426.12,0.69
748,IT project manager,York,Pennsylvania,Mid-level,98500.0,100513.36,34.78,84.33,6479.14,95.8,17.6,104920.0,2912.76,62604.0,69083.14,167583.14,103426.12,0.62
751,IT project manager,Portland,Oregon,Mid-level,94000.0,122231.8,28.45,72.27,6557.06,116.5,14.12,104920.0,2392.2,51210.0,57767.06,151767.06,124624.0,0.82
752,IT project manager,Buffalo,New York,Mid-level,98000.0,102087.16,19.21,81.66,4174.42,97.3,24.37,104920.0,3611.88,34578.0,38752.42,136752.42,105699.04,0.77
754,IT project manager,Farmers Branch,Texas,Mid-level,117500.0,108990.9,31.26,81.66,6119.97,103.88,15.32,104920.0,2634.48,56268.0,62387.97,179887.97,111625.38,0.62
755,IT project manager,Bellevue,Washington,Mid-level,125500.0,129534.23,50.16,81.66,10361.54,123.46,11.83,104920.0,2257.56,90288.0,100649.54,226149.54,131791.79,0.58
756,IT project manager,Lawrenceville,Georgia,Mid-level,100000.0,104112.12,32.12,81.66,7289.35,99.23,13.49,104920.0,2436.84,57816.0,65105.35,165105.35,106548.96,0.65
757,IT project manager,San Diego,California,Mid-level,112500.0,85000.0,41.6,81.66,6210.03,136.2,30.55,104920.0,4279.32,74880.0,81090.03,193590.03,89279.32,0.46
767,IT project manager,Seattle,Washington,Mid-level,65000.0,130730.32,43.13,81.66,10361.54,124.6,11.83,104920.0,2257.56,77634.0,87995.54,152995.54,132987.88,0.87
768,IT project manager,Kansas City,Missouri,Mid-level,126000.0,96106.72,20.86,72.8,4508.63,91.6,11.57,104920.0,2123.16,37548.0,42056.63,168056.63,98229.88,0.58
778,IT project manager,Fort Lauderdale,Florida,Mid-level,97000.0,107354.14,32.61,83.25,5474.08,102.32,14.2,104920.0,2532.6,58698.0,64172.08,161172.08,109886.74,0.68
779,IT project manager,Morrisville,North Carolina,Mid-level,102500.0,100985.5,29.77,81.66,5231.42,96.25,13.49,104920.0,2436.84,53586.0,58817.42,161317.42,103422.34,0.64
780,IT project manager,Atlanta,Georgia,Mid-level,45935.0,151500.0,34.79,81.66,7289.35,100.3,13.49,104920.0,2436.84,62622.0,69911.35,115846.35,153936.84,1.33
781,IT project manager,Chicago,Illinois,Mid-level,125000.0,105024.92,34.16,81.66,8319.68,100.1,15.99,104920.0,2706.84,61488.0,69807.68,194807.68,107731.76,0.55
782,IT project manager,Portland,Oregon,Mid-level,99000.0,122231.8,28.45,72.27,6557.06,116.5,14.12,104920.0,2392.2,51210.0,57767.06,156767.06,124624.0,0.79
783,IT project manager,Tampa,Florida,Mid-level,99000.0,106388.88,31.47,83.25,5623.94,101.4,14.2,104920.0,2532.6,56646.0,62269.94,161269.94,108921.48,0.68
793,IT project manager,Mountain View,California,Mid-level,250000.0,162993.22,91.99,81.66,8999.4,155.35,30.55,104920.0,4279.32,165582.0,174581.4,424581.4,167272.54,0.39
794,IT project manager,Denver,Colorado,Mid-level,123500.0,102500.0,36.45,81.66,6740.21,112.1,15.16,104920.0,2617.2,65610.0,72350.21,195850.21,105117.2,0.54
795,IT project manager,Miami,Florida,Mid-level,92000.0,115516.92,49.18,83.25,4541.57,110.1,14.2,104920.0,2532.6,88524.0,93065.57,185065.57,118049.52,0.64
796,IT project manager,Vienna,Virginia,Mid-level,105000.0,104080.64,35.22,86.7,4570.38,99.2,14.46,104920.0,2602.08,63396.0,67966.38,172966.38,106682.72,0.62
797,IT project manager,Dallas,Texas,Mid-level,104000.0,100000.0,26.83,81.66,5360.48,98.5,15.32,104920.0,2634.48,48294.0,53654.48,157654.48,102634.48,0.65
798,IT project manager,Palo Alto,California,Mid-level,188000.0,162993.22,87.75,81.66,8999.4,155.35,30.55,104920.0,4279.32,157950.0,166949.4,354949.4,167272.54,0.47
799,IT project manager,Bismarck,North Dakota,Mid-level,75500.0,97680.52,,56.42,,93.1,10.21,104920.0,1779.72,,,75500.0,99460.24,1.32
809,IT project manager,Nashville,Tennessee,Mid-level,112000.0,105024.92,30.46,81.66,5088.14,100.1,13.04,104920.0,2388.24,54828.0,59916.14,171916.14,107413.16,0.62
810,IT project manager,Knoxville,Tennessee,Mid-level,105000.0,96106.72,22.82,81.66,3567.98,91.6,13.04,104920.0,2388.24,41076.0,44643.98,149643.98,98494.96,0.66
811,IT project manager,Arlington,Virginia,Mid-level,105500.0,104080.64,41.96,86.7,4570.38,99.2,14.46,104920.0,2602.08,75528.0,80098.38,185598.38,106682.72,0.57
812,IT project manager,Chicago,Illinois,Mid-level,162500.0,105024.92,34.16,81.66,8319.68,100.1,15.99,104920.0,2706.84,61488.0,69807.68,232307.68,107731.76,0.46
814,IT project manager,Springfield,Illinois,Mid-level,119500.0,102000.0,30.57,81.66,8319.68,87.5,15.99,104920.0,2706.84,55026.0,63345.68,182845.68,104706.84,0.57
816,IT project manager,Seattle,Washington,Mid-level,114500.0,130730.32,43.13,81.66,10361.54,124.6,11.83,104920.0,2257.56,77634.0,87995.54,202495.54,132987.88,0.66
817,IT project manager,Houston,Texas,Mid-level,115000.0,129000.0,31.12,81.66,5245.46,95.8,15.32,104920.0,2634.48,56016.0,61261.46,176261.46,131634.48,0.75
819,IT project manager,Columbus,Georgia,Mid-level,94000.0,92854.2,32.12,81.66,7289.35,88.5,13.49,104920.0,2436.84,57816.0,65105.35,159105.35,95291.04,0.6
820,IT project manager,New York,New York,Mid-level,115000.0,134297.6,24.15,81.66,10831.74,128.0,24.37,104920.0,3611.88,43470.0,54301.74,169301.74,137909.48,0.81
821,IT project manager,Dallas,Texas,Mid-level,108500.0,100000.0,26.83,81.66,5360.48,98.5,15.32,104920.0,2634.48,48294.0,53654.48,162154.48,102634.48,0.63
822,IT project manager,San Carlos,California,Mid-level,133000.0,162993.22,55.82,81.66,8999.4,155.35,30.55,104920.0,4279.32,100476.0,109475.4,242475.4,167272.54,0.69
823,IT project manager,Washington,DC,Mid-level,120000.0,98000.0,52.54,81.66,11067.07,120.1,16.5,104920.0,2761.92,94572.0,105639.07,225639.07,100761.92,0.45
824,IT project manager,Washington,DC,Mid-level,120000.0,125000.0,52.54,81.66,11067.07,120.1,16.5,104920.0,2761.92,94572.0,105639.07,225639.07,127761.92,0.57
825,IT project manager,Jacksonville,Florida,Mid-level,109000.0,103870.8,22.64,83.25,4540.98,99.0,14.2,104920.0,2532.6,40752.0,45292.98,154292.98,106403.4,0.69
826,IT project manager,Mountain View,California,Mid-level,194000.0,162993.22,91.99,81.66,8999.4,155.35,30.55,104920.0,4279.32,165582.0,174581.4,368581.4,167272.54,0.45
827,IT project manager,Canton,Massachusetts,Mid-level,98500.0,134759.25,65.72,93.6,7871.09,128.44,31.22,104920.0,4494.96,118296.0,126167.09,224667.09,139254.21,0.62
828,IT project manager,Chandler,Arizona,Mid-level,127000.0,105969.2,31.63,75.34,5756.99,101.0,15.2,104920.0,2545.68,56934.0,62690.99,189690.99,108514.88,0.57
829,IT project manager,Frisco,Texas,Mid-level,126000.0,108990.9,36.86,81.66,10093.28,103.88,15.32,104920.0,2634.48,66348.0,76441.28,202441.28,111625.38,0.55
830,IT project manager,Quantico,Virginia,Mid-level,91000.0,104080.64,31.73,86.7,4570.38,99.2,14.46,104920.0,2602.08,57114.0,61684.38,152684.38,106682.72,0.7
831,IT project manager,Fort Lauderdale,Florida,Mid-level,122500.0,107354.14,32.61,83.25,5474.08,102.32,14.2,104920.0,2532.6,58698.0,64172.08,186672.08,109886.74,0.59
832,IT project manager,Pittsburgh,Pennsylvania,Mid-level,99500.0,97680.52,25.92,84.33,5205.47,93.1,17.6,104920.0,2912.76,46656.0,51861.47,151361.47,100593.28,0.66
833,IT project manager,Chicago,Illinois,Mid-level,132500.0,105024.92,34.16,81.66,8319.68,100.1,15.99,104920.0,2706.84,61488.0,69807.68,202307.68,107731.76,0.53
834,IT project manager,Chicago,Illinois,Mid-level,124000.0,105024.92,34.16,81.66,8319.68,100.1,15.99,104920.0,2706.84,61488.0,69807.68,193807.68,107731.76,0.56
835,IT project manager,Raleigh,North Carolina,Mid-level,147500.0,147500.0,31.68,81.66,5262.66,99.7,13.49,104920.0,2436.84,57024.0,62286.66,209786.66,149936.84,0.71
837,IT project manager,Stennis Space Center,Mississippi,Mid-level,116500.0,,22.57,81.66,,,13.44,104920.0,2431.44,40626.0,,116500.0,,
849,IT project manager,Merrimack,New Hampshire,Mid-level,153000.0,,,81.66,,,23.62,104920.0,3530.88,,,153000.0,,
850,IT project manager,Austin,Texas,Mid-level,171000.0,130000.0,41.81,81.66,6365.46,106.6,15.32,104920.0,2634.48,75258.0,81623.46,252623.46,132634.48,0.53
852,IT project manager,Austin,Texas,Mid-level,171000.0,165500.0,41.81,81.66,6365.46,106.6,15.32,104920.0,2634.48,75258.0,81623.46,252623.46,168134.48,0.67
853,IT project manager,Mount Pleasant,Pennsylvania,Mid-level,142500.0,103723.91,34.78,84.33,6479.14,98.86,17.6,104920.0,2912.76,62604.0,69083.14,211583.14,106636.67,0.5
854,IT project manager,Kearneysville,West Virginia,Mid-level,110000.0,,,86.17,,,14.51,104920.0,2601.12,,,110000.0,,
855,IT project manager,Tampa,Florida,Mid-level,102500.0,106388.88,31.47,83.25,5623.94,101.4,14.2,104920.0,2532.6,56646.0,62269.94,164769.94,108921.48,0.66
856,IT project manager,Tempe,Arizona,Mid-level,99000.0,105969.2,27.45,75.34,4251.53,101.0,15.2,104920.0,2545.68,49410.0,53661.53,152661.53,108514.88,0.71
857,IT project manager,Chicago,Illinois,Mid-level,140000.0,105024.92,34.16,81.66,8319.68,100.1,15.99,104920.0,2706.84,61488.0,69807.68,209807.68,107731.76,0.51
858,IT project manager,Ridgewood,New Jersey,Mid-level,161500.0,109431.56,41.23,82.79,10903.23,104.3,19.49,104920.0,3098.4,74214.0,85117.23,246617.23,112529.96,0.46
859,IT project manager,Hillsboro,Oregon,Mid-level,65000.0,122231.8,25.43,72.27,6557.06,116.5,14.12,104920.0,2392.2,45774.0,52331.06,117331.06,124624.0,1.06
860,IT project manager,Oklahoma City,Oklahoma,Mid-level,87000.0,91595.16,21.53,81.27,4392.38,87.3,11.52,104920.0,2219.4,38754.0,43146.38,130146.38,93814.56,0.72
864,IT project manager,Montpelier,Vermont,Mid-level,147500.0,,,82.78,,,22.29,104920.0,3400.68,,,147500.0,,
865,IT project manager,Greensboro,North Carolina,Mid-level,100000.0,95477.2,20.69,81.66,3570.35,91.0,13.49,104920.0,2436.84,37242.0,40812.35,140812.35,97914.04,0.7
875,IT project manager,Seattle,Washington,Mid-level,225000.0,130730.32,43.13,81.66,10361.54,124.6,11.83,104920.0,2257.56,77634.0,87995.54,312995.54,132987.88,0.42
876,IT project manager,Honolulu,Hawaii,Mid-level,153500.0,165773.6,37.48,63.18,5029.32,158.0,42.34,104920.0,5330.88,67464.0,72493.32,225993.32,171104.48,0.76
877,IT project manager,Phoenix,Arizona,Mid-level,79500.0,117000.0,26.61,75.34,5119.48,104.3,15.2,104920.0,2545.68,47898.0,53017.48,132517.48,119545.68,0.9
878,IT project manager,San Francisco,California,Mid-level,177500.0,292500.0,62.2,81.66,12650.66,178.6,30.55,104920.0,4279.32,111960.0,124610.66,302110.66,296779.32,0.98
879,IT project manager,San Francisco,California,Mid-level,177500.0,146000.0,62.2,81.66,12650.66,178.6,30.55,104920.0,4279.32,111960.0,124610.66,302110.66,150279.32,0.5
880,IT project manager,Abbott,Texas,Mid-level,191000.0,108990.9,37.13,81.66,6119.97,103.88,15.32,104920.0,2634.48,66834.0,72953.97,263953.97,111625.38,0.42
881,IT project manager,Palo Alto,California,Mid-level,239500.0,162993.22,87.75,81.66,8999.4,155.35,30.55,104920.0,4279.32,157950.0,166949.4,406449.4,167272.54,0.41
882,IT project manager,Carlinville,Illinois,Mid-level,115000.0,102485.86,30.57,81.66,8319.68,97.68,15.99,104920.0,2706.84,55026.0,63345.68,178345.68,105192.7,0.59
883,IT project manager,Oakland,California,Mid-level,174000.0,162993.22,51.74,81.66,8415.01,155.35,30.55,104920.0,4279.32,93132.0,101547.01,275547.01,167272.54,0.61
884,IT project manager,Salt Lake City,Utah,Mid-level,152000.0,111110.28,26.96,69.01,4143.37,105.9,11.02,104920.0,2018.28,48528.0,52671.37,204671.37,113128.56,0.55
885,IT project manager,Durham,North Carolina,Mid-level,139000.0,104710.16,28.52,81.66,5194.3,99.8,13.49,104920.0,2436.84,51336.0,56530.3,195530.3,107147.0,0.55
886,IT project manager,Hopkins,Minnesota,Mid-level,108000.0,103482.6,25.96,68.66,5694.89,98.63,14.05,104920.0,2341.32,46728.0,52422.89,160422.89,105823.92,0.66
887,IT project manager,King of Prussia,Pennsylvania,Mid-level,95000.0,103723.91,30.34,84.33,6479.14,98.86,17.6,104920.0,2912.76,54612.0,61091.14,156091.14,106636.67,0.68
888,IT project manager,Gainesville,Florida,Mid-level,82500.0,102087.16,32.93,83.25,5147.83,97.3,14.2,104920.0,2532.6,59274.0,64421.83,146921.83,104619.76,0.71
889,IT project manager,Sunnyvale,California,Mid-level,237000.0,162993.22,82.35,81.66,10354.08,155.35,30.55,104920.0,4279.32,148230.0,158584.08,395584.08,167272.54,0.42
890,IT project manager,Atlanta,Georgia,Mid-level,101500.0,151500.0,34.79,81.66,7289.35,100.3,13.49,104920.0,2436.84,62622.0,69911.35,171411.35,153936.84,0.9
891,IT project manager,Seattle,Washington,Mid-level,115000.0,130730.32,43.13,81.66,10361.54,124.6,11.83,104920.0,2257.56,77634.0,87995.54,202995.54,132987.88,0.66
893,IT project manager,Washington,DC,Mid-level,125500.0,98000.0,52.54,81.66,11067.07,120.1,16.5,104920.0,2761.92,94572.0,105639.07,231139.07,100761.92,0.44
894,IT project manager,Washington,DC,Mid-level,125500.0,125000.0,52.54,81.66,11067.07,120.1,16.5,104920.0,2761.92,94572.0,105639.07,231139.07,127761.92,0.55
895,IT project manager,Anchorage,Alaska,Mid-level,90000.0,116146.44,,103.73,4845.27,110.7,22.38,104920.0,3661.8,,,90000.0,119808.24,1.33
897,IT project manager,Seattle,Washington,Mid-level,102500.0,130730.32,43.13,81.66,10361.54,124.6,11.83,104920.0,2257.56,77634.0,87995.54,190495.54,132987.88,0.7
898,IT project manager,Madison,Wisconsin,Mid-level,60000.0,108500.0,23.5,81.66,4673.91,99.5,16.31,104920.0,2741.4,42300.0,46973.91,106973.91,111241.4,1.04
899,IT project manager,Chattanooga,Tennessee,Mid-level,102500.0,95687.04,24.5,81.66,3677.76,91.2,13.04,104920.0,2388.24,44100.0,47777.76,150277.76,98075.28,0.65
900,IT project manager,San Francisco,California,Mid-level,170000.0,292500.0,62.2,81.66,12650.66,178.6,30.55,104920.0,4279.32,111960.0,124610.66,294610.66,296779.32,1.01
901,IT project manager,San Francisco,California,Mid-level,170000.0,146000.0,62.2,81.66,12650.66,178.6,30.55,104920.0,4279.32,111960.0,124610.66,294610.66,150279.32,0.51
902,IT project manager,Reston,Virginia,Mid-level,128500.0,104080.64,30.21,86.7,4570.38,99.2,14.46,104920.0,2602.08,54378.0,58948.38,187448.38,106682.72,0.57
903,IT project manager,Bedford,Massachusetts,Mid-level,158500.0,134759.25,65.72,93.6,7871.09,128.44,31.22,104920.0,4494.96,118296.0,126167.09,284667.09,139254.21,0.49
904,IT project manager,Santa Clara,California,Mid-level,224500.0,162993.22,48.72,81.66,8999.4,155.35,30.55,104920.0,4279.32,87696.0,96695.4,321195.4,167272.54,0.52
906,IT project manager,Danbury,Connecticut,Mid-level,57765.0,112998.84,28.91,72.47,,107.7,28.16,104920.0,3910.92,52038.0,,57765.0,116909.76,2.02
907,IT project manager,Chicago,Illinois,Mid-level,123000.0,105024.92,34.16,81.66,8319.68,100.1,15.99,104920.0,2706.84,61488.0,69807.68,192807.68,107731.76,0.56
908,IT project manager,Atlanta,Georgia,Mid-level,170000.0,151500.0,34.79,81.66,7289.35,100.3,13.49,104920.0,2436.84,62622.0,69911.35,239911.35,153936.84,0.64
909,IT project manager,Itasca,Illinois,Mid-level,132500.0,102485.86,24.1,81.66,8319.68,97.68,15.99,104920.0,2706.84,43380.0,51699.68,184199.68,105192.7,0.57
910,IT project manager,Greenville,South Carolina,Mid-level,155500.0,99674.0,24.34,74.17,,95.0,13.87,104920.0,2388.0,43812.0,,155500.0,102062.0,0.66
911,IT project manager,Santa Fe,New Mexico,Mid-level,49970.0,110270.92,,68.46,,105.1,14.26,104920.0,2361.6,,,49970.0,112632.52,2.25
912,IT project manager,Philadelphia,Pennsylvania,Mid-level,154000.0,108487.28,38.14,84.33,6843.04,103.4,17.6,104920.0,2912.76,68652.0,75495.04,229495.04,111400.04,0.49
913,IT project manager,Atlanta,Georgia,Mid-level,100000.0,151500.0,34.79,81.66,7289.35,100.3,13.49,104920.0,2436.84,62622.0,69911.35,169911.35,153936.84,0.91
914,IT project manager,Ashburn,Virginia,Mid-level,124000.0,104080.64,31.73,86.7,4570.38,99.2,14.46,104920.0,2602.08,57114.0,61684.38,185684.38,106682.72,0.57
915,IT project manager,Nashville,Tennessee,Mid-level,131000.0,105024.92,30.46,81.66,5088.14,100.1,13.04,104920.0,2388.24,54828.0,59916.14,190916.14,107413.16,0.56
917,IT project manager,Union,New Jersey,Mid-level,128000.0,109431.56,41.23,82.79,10903.23,104.3,19.49,104920.0,3098.4,74214.0,85117.23,213117.23,112529.96,0.53
919,IT project manager,Worcester,Massachusetts,Mid-level,113500.0,118769.44,65.72,93.6,5238.08,113.2,31.22,104920.0,4494.96,118296.0,123534.08,237034.08,123264.4,0.52
920,IT project manager,Waltham,Massachusetts,Mid-level,114500.0,134759.25,65.72,93.6,7871.09,128.44,31.22,104920.0,4494.96,118296.0,126167.09,240667.09,139254.21,0.58
924,IT project manager,Cleveland,Ohio,Mid-level,116000.0,94428.0,20.79,81.66,3936.9,90.0,15.98,104920.0,2705.76,37422.0,41358.9,157358.9,97133.76,0.62
925,IT project manager,Adelphi,Maryland,Mid-level,139000.0,112264.4,30.52,75.44,6001.22,107.0,18.15,104920.0,2865.48,54936.0,60937.22,199937.22,115129.88,0.58
926,IT project manager,Scottsdale,Arizona,Mid-level,107500.0,105969.2,33.08,75.34,6794.99,101.0,15.2,104920.0,2545.68,59544.0,66338.99,173838.99,108514.88,0.62
927,IT project manager,Palo Alto,California,Mid-level,137000.0,162993.22,87.75,81.66,8999.4,155.35,30.55,104920.0,4279.32,157950.0,166949.4,303949.4,167272.54,0.55
928,IT project manager,New York,New York,Mid-level,110000.0,134297.6,24.15,81.66,10831.74,128.0,24.37,104920.0,3611.88,43470.0,54301.74,164301.74,137909.48,0.84
929,IT project manager,Escondido,California,Mid-level,109000.0,162993.22,55.82,81.66,5963.45,155.35,30.55,104920.0,4279.32,100476.0,106439.45,215439.45,167272.54,0.78
930,IT project manager,San Diego,California,Mid-level,135000.0,85000.0,41.6,81.66,6210.03,136.2,30.55,104920.0,4279.32,74880.0,81090.03,216090.03,89279.32,0.41
931,IT project manager,Seattle,Washington,Mid-level,150000.0,130730.32,43.13,81.66,10361.54,124.6,11.83,104920.0,2257.56,77634.0,87995.54,237995.54,132987.88,0.56
934,IT project manager,Oak Brook,Illinois,Mid-level,103500.0,67500.0,30.15,81.66,8319.68,97.68,15.99,104920.0,2706.84,54270.0,62589.68,166089.68,70206.84,0.42
935,IT project manager,South Jordan,Utah,Mid-level,115500.0,111110.28,27.57,69.01,4143.37,105.9,11.02,104920.0,2018.28,49626.0,53769.37,169269.37,113128.56,0.67
936,IT project manager,Eden Prairie,Minnesota,Mid-level,115500.0,103482.6,25.65,68.66,5694.89,98.63,14.05,104920.0,2341.32,46170.0,51864.89,167364.89,105823.92,0.63
938,IT project manager,Bethesda,Maryland,Mid-level,95000.0,112264.4,36.91,75.44,6001.22,107.0,18.15,104920.0,2865.48,66438.0,72439.22,167439.22,115129.88,0.69
939,IT project manager,Englewood Cliffs,New Jersey,Mid-level,140000.0,109431.56,41.23,82.79,10903.23,104.3,19.49,104920.0,3098.4,74214.0,85117.23,225117.23,112529.96,0.5
940,IT project manager,Kirkland,Washington,Mid-level,157000.0,129534.23,39.23,81.66,10361.54,123.46,11.83,104920.0,2257.56,70614.0,80975.54,237975.54,131791.79,0.55
941,IT project manager,Boulder,Colorado,Mid-level,162500.0,124540.04,28.32,81.66,6740.21,118.7,15.16,104920.0,2617.2,50976.0,57716.21,220216.21,127157.24,0.58
943,IT project manager,San Bruno,California,Mid-level,259500.0,162993.22,55.82,81.66,8999.4,155.35,30.55,104920.0,4279.32,100476.0,109475.4,368975.4,167272.54,0.45
944,IT project manager,Bethpage,New York,Mid-level,101500.0,115957.58,24.15,81.66,8929.65,110.52,24.37,104920.0,3611.88,43470.0,52399.65,153899.65,119569.46,0.78
945,IT project manager,San Francisco,California,Mid-level,97500.0,292500.0,62.2,81.66,12650.66,178.6,30.55,104920.0,4279.32,111960.0,124610.66,222110.66,296779.32,1.34
946,IT project manager,San Francisco,California,Mid-level,97500.0,146000.0,62.2,81.66,12650.66,178.6,30.55,104920.0,4279.32,111960.0,124610.66,222110.66,150279.32,0.68
947,IT project manager,Vienna,Virginia,Mid-level,137000.0,104080.64,35.22,86.7,4570.38,99.2,14.46,104920.0,2602.08,63396.0,67966.38,204966.38,106682.72,0.52
948,IT project manager,Apex,North Carolina,Mid-level,136500.0,100985.5,29.03,81.66,5231.42,96.25,13.49,104920.0,2436.84,52254.0,57485.42,193985.42,103422.34,0.53
949,IT project manager,Honolulu,Hawaii,Mid-level,105000.0,165773.6,37.48,63.18,5029.32,158.0,42.34,104920.0,5330.88,67464.0,72493.32,177493.32,171104.48,0.96
950,IT project manager,Columbia,Missouri,Mid-level,103500.0,94218.16,22.73,72.8,4508.63,89.8,11.57,104920.0,2123.16,40914.0,45422.63,148922.63,96341.32,0.65
952,IT project manager,Overland Park,Kansas,Mid-level,97500.0,,24.33,81.66,5437.45,,13.85,104920.0,2475.72,43794.0,49231.45,146731.45,,
953,IT project manager,Ann Arbor,Michigan,Mid-level,97500.0,104185.56,25.33,81.66,,99.3,18.41,104920.0,2968.2,45594.0,,97500.0,107153.76,1.1
955,IT project manager,Herndon,Virginia,Senior-level,250500.0,124896.77,29.67,86.7,4570.38,99.2,14.46,125904.0,2602.08,53406.0,57976.38,308476.38,127498.85,0.41
956,IT project manager,Huntsville,Texas,Senior-level,106000.0,114824.45,37.13,81.66,6119.97,91.2,15.32,125904.0,2634.48,66834.0,72953.97,178953.97,117458.93,0.66
957,IT project manager,Bakersfield,California,Senior-level,146000.0,129555.22,26.53,81.66,5216.85,102.9,30.55,125904.0,4279.32,47754.0,52970.85,198970.85,133834.54,0.67
958,IT project manager,Columbus,Ohio,Senior-level,118000.0,118223.86,21.28,81.66,4562.82,93.9,15.98,125904.0,2705.76,38304.0,42866.82,160866.82,120929.62,0.75
968,IT project manager,Hudson,Ohio,Senior-level,74500.0,115579.87,20.79,81.66,4249.67,91.8,15.98,125904.0,2705.76,37422.0,41671.67,116171.67,118285.63,1.02
969,IT project manager,Honolulu,Hawaii,Senior-level,75500.0,198928.32,37.48,63.18,5029.32,158.0,42.34,125904.0,5330.88,67464.0,72493.32,147993.32,204259.2,1.38
970,IT project manager,Boston,Massachusetts,Senior-level,154500.0,166948.7,65.72,93.6,8589.18,132.6,31.22,125904.0,4494.96,118296.0,126885.18,281385.18,171443.66,0.61
971,IT project manager,Cleveland,Ohio,Senior-level,131000.0,113313.6,20.79,81.66,3936.9,90.0,15.98,125904.0,2705.76,37422.0,41358.9,172358.9,116019.36,0.67
972,IT project manager,O Fallon,Missouri,Senior-level,184000.0,114194.93,22.73,72.8,4508.63,90.7,11.57,125904.0,2123.16,40914.0,45422.63,229422.63,116318.09,0.51
973,IT project manager,Elmhurst,Illinois,Senior-level,207500.0,122983.03,30.57,81.66,8319.68,97.68,15.99,125904.0,2706.84,55026.0,63345.68,270845.68,125689.87,0.46
975,IT project manager,Shirley,New York,Senior-level,169000.0,139149.1,24.15,81.66,8929.65,110.52,24.37,125904.0,3611.88,43470.0,52399.65,221399.65,142760.98,0.64
976,IT project manager,Raritan,New Jersey,Senior-level,218000.0,131317.87,41.23,82.79,10903.23,104.3,19.49,125904.0,3098.4,74214.0,85117.23,303117.23,134416.27,0.44
977,IT project manager,Seattle,Washington,Senior-level,226500.0,156876.38,43.13,81.66,10361.54,124.6,11.83,125904.0,2257.56,77634.0,87995.54,314495.54,159133.94,0.51
978,IT project manager,Ashburn,Virginia,Senior-level,190000.0,124896.77,31.73,86.7,4570.38,99.2,14.46,125904.0,2602.08,57114.0,61684.38,251684.38,127498.85,0.51
979,IT project manager,Nashville,Tennessee,Senior-level,135500.0,126029.9,30.46,81.66,5088.14,100.1,13.04,125904.0,2388.24,54828.0,59916.14,195416.14,128418.14,0.66
980,IT project manager,Atlanta,Georgia,Senior-level,176500.0,126281.71,34.79,81.66,7289.35,100.3,13.49,125904.0,2436.84,62622.0,69911.35,246411.35,128718.55,0.52
982,IT project manager,Santa Clara,California,Senior-level,214000.0,195591.86,48.72,81.66,8999.4,155.35,30.55,125904.0,4279.32,87696.0,96695.4,310695.4,199871.18,0.64
983,IT project manager,Downers Grove,Illinois,Senior-level,180000.0,122983.03,29.68,81.66,8319.68,97.68,15.99,125904.0,2706.84,53424.0,61743.68,241743.68,125689.87,0.52
984,IT project manager,Greensboro,North Carolina,Senior-level,118500.0,114572.64,20.69,81.66,3570.35,91.0,13.49,125904.0,2436.84,37242.0,40812.35,159312.35,117009.48,0.73
985,IT project manager,Washington,DC,Senior-level,145500.0,151210.7,52.54,81.66,11067.07,120.1,16.5,125904.0,2761.92,94572.0,105639.07,251139.07,153972.62,0.61
986,IT project manager,Atlanta,Georgia,Senior-level,154500.0,126281.71,34.79,81.66,7289.35,100.3,13.49,125904.0,2436.84,62622.0,69911.35,224411.35,128718.55,0.57
988,IT project manager,Santa Clara,California,Senior-level,212500.0,195591.86,48.72,81.66,8999.4,155.35,30.55,125904.0,4279.32,87696.0,96695.4,309195.4,199871.18,0.65
989,IT project manager,Seattle,Washington,Senior-level,138500.0,156876.38,43.13,81.66,10361.54,124.6,11.83,125904.0,2257.56,77634.0,87995.54,226495.54,159133.94,0.7
990,IT project manager,Philadelphia,Pennsylvania,Senior-level,132000.0,130184.74,38.14,84.33,6843.04,103.4,17.6,125904.0,2912.76,68652.0,75495.04,207495.04,133097.5,0.64
991,IT project manager,Huntsville,Alabama,Senior-level,190000.0,114950.35,24.98,74.1,4951.76,91.3,14.91,125904.0,2499.48,44964.0,49915.76,239915.76,117449.83,0.49
992,IT project manager,Fort Worth,Texas,Senior-level,160000.0,130789.08,27.16,81.66,5579.72,103.88,15.32,125904.0,2634.48,48888.0,54467.72,214467.72,133423.56,0.62
994,IT project manager,Cullowhee,North Carolina,Senior-level,78500.0,121182.6,29.03,81.66,5231.42,96.25,13.49,125904.0,2436.84,52254.0,57485.42,135985.42,123619.44,0.91
997,IT project manager,Boston,Massachusetts,Senior-level,168000.0,166948.7,65.72,93.6,8589.18,132.6,31.22,125904.0,4494.96,118296.0,126885.18,294885.18,171443.66,0.58
1008,IT project manager,Austin,Texas,Senior-level,168500.0,134213.66,41.81,81.66,6365.46,106.6,15.32,125904.0,2634.48,75258.0,81623.46,250123.46,136848.14,0.55
1009,IT project manager,McLean,Virginia,Senior-level,214000.0,124896.77,31.73,86.7,4570.38,99.2,14.46,125904.0,2602.08,57114.0,61684.38,275684.38,127498.85,0.46
1010,IT project manager,Lynnwood,Washington,Senior-level,147500.0,155441.08,32.95,81.66,10361.54,123.46,11.83,125904.0,2257.56,59310.0,69671.54,217171.54,157698.64,0.73
1011,IT project manager,Indianapolis,Indiana,Senior-level,151000.0,113565.41,20.84,81.66,4670.34,90.2,14.42,125904.0,2537.28,37512.0,42182.34,193182.34,116102.69,0.6
1012,IT project manager,Ashburn,Virginia,Senior-level,114000.0,124896.77,31.73,86.7,4570.38,99.2,14.46,125904.0,2602.08,57114.0,61684.38,175684.38,127498.85,0.73
1013,IT project manager,Ithaca,New York,Senior-level,134500.0,128044.37,24.15,81.66,8929.65,101.7,24.37,125904.0,3611.88,43470.0,52399.65,186899.65,131656.25,0.7
1015,IT project manager,Charlotte,North Carolina,Senior-level,192500.0,123260.02,33.02,81.66,5658.26,97.9,13.49,125904.0,2436.84,59436.0,65094.26,257594.26,125696.86,0.49
1016,IT project manager,Tampa,Florida,Senior-level,124000.0,127666.66,31.47,83.25,5623.94,101.4,14.2,125904.0,2532.6,56646.0,62269.94,186269.94,130199.26,0.7
1017,IT project manager,Santa Clara,California,Senior-level,246000.0,195591.86,48.72,81.66,8999.4,155.35,30.55,125904.0,4279.32,87696.0,96695.4,342695.4,199871.18,0.58
1027,IT project manager,Glen Burnie,Maryland,Senior-level,152500.0,134717.28,20.78,75.44,6001.22,107.0,18.15,125904.0,2865.48,37404.0,43405.22,195905.22,137582.76,0.7
1075,IT project manager,Brooklyn,New York,Senior-level,119500.0,139149.1,44.85,81.66,8929.65,110.52,24.37,125904.0,3611.88,80730.0,89659.65,209159.65,142760.98,0.68
1077,IT project manager,Washington,DC,Senior-level,77000.0,151210.7,52.54,81.66,11067.07,120.1,16.5,125904.0,2761.92,94572.0,105639.07,182639.07,153972.62,0.84