,Job Title,City,State,Salary_in_office,Role,Avg.OfficeRent_per_sqft,Avg internet monthly payment,Annual Commute Cost,Electricity Price (cents per kWh),Cost of Living Index,National_Avg_Salary,Salary_remote,Remote Work Expenses,Office Rent,In-Office Expenses,Total In-office salary,Total Remote salary,remote_vs_office_cost_ratio
0,Software Engineer II,Washington DC,District of Columbia,115950.0,Software,52.54,77.95,5433.45,17.985451807228916,120.1,110000,132110.0,2877.83,94572.0,100005.45,215955.45,134987.83,0.63
1,INFORMATION TECHNOLOGY SPECIALIST (APPLICATIONS SOFTWARE) - DIRECT HIRE AUTHORITY,Wright-Patterson AFB,Ohio,103702.5,Software,20.56,77.95,4054.52,15.98,88.8,110000,97680.0,2661.24,37008.0,41062.52,144765.02,100341.24,0.69
2,IT Specialist (Systems Analysis/Applications Software),Carson,California,132549.5,Software,40.28,77.95,7036.89,30.55,125.75,110000,138325.0,4234.8,72504.0,79540.89,212090.39,142559.8,0.67
3,IT SPECIALIST (INFOSEC),Aberdeen Proving Ground,Maryland,129078.0,Software,26.17,75.44,6001.22,18.15,101.12,110000,111232.0,2865.48,47106.0,53107.22,182185.22,114097.48,0.63
4,Programmer Analyst,Savannah,Georgia,78256.5,Software,23.66,77.95,5285.46,13.49,97.3,110000,107030.0,2392.32,42588.0,47873.46,126129.96,109422.32,0.87
5,IT SPECIALIST (PLCYPLN),National Maritime Intelligence Center,Maryland,138667.0,Software,26.17,75.44,6001.22,18.15,101.12,110000,111232.0,2865.48,47106.0,53107.22,191774.22,114097.48,0.59
6,IT Specialist (Project Management),Atlanta,Georgia,107776.5,Software,34.79,77.95,7289.35,13.49,100.3,110000,110330.0,2392.32,62622.0,69911.35,177687.85,112722.32,0.63
7,IT SPECIALIST (SYSADMIN),Des Moines,Iowa,102744.5,Software,25.08,75.86,3640.73,12.43,91.7,110000,100870.0,2252.76,45144.0,48784.73,151529.23,103122.76,0.68
8,SECRETARY (OFFICE AUTOMATION),Ellsworth AFB,South Dakota,51702.0,Software,30.2,55.88,3567.89,12.42,93.5,110000,102850.0,2011.92,54360.0,57927.89,109629.89,104861.92,0.96
9,IT CYBERSECURITY SPECIALIST (APPSW/INFOSEC),Indianapolis,Indiana,87494.0,Software,20.84,77.95,4670.34,14.42,90.2,110000,99220.0,2492.76,37512.0,42182.34,129676.34,101712.76,0.78
10,LEAD IT SPECIALIST (APPSW),Cleveland,Ohio,126544.5,Software,20.79,77.95,3936.9,15.98,90.0,110000,99000.0,2661.24,37422.0,41358.9,167903.4,101661.24,0.61
11,IT SPECIALIST (SYSADMIN),Camp Murray,Washington,95566.5,Software,31.45,77.95,6659.49,11.83,107.02,110000,117722.0,2213.04,56610.0,63269.49,158835.99,119935.04,0.76
12,IT SPECIALIST (APPSW),Indianapolis,Indiana,104874.0,Software,20.84,77.95,4670.34,14.42,90.2,110000,99220.0,2492.76,37512.0,42182.34,147056.34,101712.76,0.69
13,Health System Specialist (Clinical Applications Coordinator),Fort Yates,North Dakota,101917.0,Software,30.2,56.42,5433.45,10.21,91.48,110000,100628.0,1779.72,54360.0,59793.45,161710.45,102407.72,0.63
14,LOGISTICS MANAGEMENT SPECIALIST,North Las Vegas,Nevada,70383.0,Software,26.63,77.95,4512.19,14.88,103.7,110000,114070.0,2542.44,47934.0,52446.19,122829.19,116612.44,0.95
15,LOGISTICS MANAGEMENT SPECIALIST,Carson City,Nevada,75242.0,Software,20.52,77.95,5059.37,14.88,103.0,110000,113300.0,2542.44,36936.0,41995.37,117237.37,115842.44,0.99
16,SECRETARY (OFFICE AUTOMATION),Air Force Academy,Colorado,47603.0,Software,25.38,77.95,5740.88,15.16,108.3,110000,119130.0,2572.68,45684.0,51424.88,99027.88,121702.68,1.23
17,Telecommunications Mechanic,Fort Wainwright,Alaska,92580.8,Software,30.2,103.73,4845.27,22.38,109.3,110000,120230.0,3661.8,54360.0,59205.27,151786.07,123891.8,0.82
18,IT SPECIALIST (NETWORK),Des Moines,Iowa,102744.5,Software,25.08,75.86,3640.73,12.43,91.7,110000,100870.0,2252.76,45144.0,48784.73,151529.23,103122.76,0.68
19,ELECTRONIC INTEGRATED SYSTEMS MECHANIC (TITLE 32),Kelly AFB,Texas,80308.8,Software,27.45,77.95,5151.54,15.32,91.05,110000,100155.0,2589.96,49410.0,54561.54,134870.34,102744.96,0.76
20,IT SPECIALIST (CUSTSPT),Lincoln,Nebraska,76825.0,Software,20.58,77.95,3710.21,10.78,94.7,110000,104170.0,2099.64,37044.0,40754.21,117579.21,106269.64,0.9
21,IT Specialist (CUSTSPT),Fort Meade,Maryland,119848.5,Software,26.17,75.44,6001.22,18.15,101.12,110000,111232.0,2865.48,47106.0,53107.22,172955.72,114097.48,0.66
22,INTERDISCIPLINARY,McAlester,Oklahoma,75801.0,Software,18.37,81.27,3976.88,11.52,84.24,110000,92664.0,2219.4,33066.0,37042.88,112843.88,94883.4,0.84
23,Procurement Information Specialist,Washington,District of Columbia,97288.0,Software,52.54,77.95,5433.45,17.985451807228916,120.1,110000,132110.0,2877.83,94572.0,100005.45,197293.45,134987.83,0.68
24,IT SPECIALIST (SYSADMIN),Sheppard AFB,Texas,85709.5,Software,27.45,77.95,5151.54,15.32,91.05,110000,100155.0,2589.96,49410.0,54561.54,140271.04,102744.96,0.73
25,SECRETARY (STENO/OA),Holloman AFB,New Mexico,52642.0,Software,19.07,68.46,4666.31,14.26,90.62,110000,99682.0,2361.6,34326.0,38992.31,91634.31,102043.6,1.11
26,IT SPECIALIST (INFOSEC),Lincoln,Nebraska,76825.0,Software,20.58,77.95,3710.21,10.78,94.7,110000,104170.0,2099.64,37044.0,40754.21,117579.21,106269.64,0.9
27,IT Specialist (APPSW),Chantilly,Virginia,116613.5,Software,23.77,86.7,5590.44,14.46,94.71,110000,104181.0,2602.08,42786.0,48376.44,164989.94,106783.08,0.65
28,INTERDISCIPLINARY ENGINEER/SCIENTIST,Patuxent River,Maryland,126277.0,Software,26.17,75.44,6001.22,18.15,101.12,110000,111232.0,2865.48,47106.0,53107.22,179384.22,114097.48,0.64
29,Medical Support Assistant,Lincoln,Nebraska,44526.5,Software,20.58,77.95,3710.21,10.78,94.7,110000,104170.0,2099.64,37044.0,40754.21,85280.71,106269.64,1.25
30,Medical Support Assistant-Intermittent,Omaha,Nebraska,44376.8,Software,24.26,77.95,4094.4,10.78,92.9,110000,102190.0,2099.64,43668.0,47762.4,92139.2,104289.64,1.13
31,Medical Support Assistant,Grand Island,Nebraska,44264.5,Software,20.59,77.95,3902.3,10.78,88.8,110000,97680.0,2099.64,37062.0,40964.3,85228.8,99779.64,1.17
32,INTERDISCIPLINARY ENGINEER/SCIENTIST,Point Mugu,California,128722.0,Software,40.28,77.95,7036.89,30.55,125.75,110000,138325.0,4234.8,72504.0,79540.89,208262.89,142559.8,0.68
33,IT Specialist (CustSpt) - DIRECT HIRE AUTHORITY,Edwards AFB,California,103367.5,Software,40.28,77.95,7036.89,30.55,125.75,110000,138325.0,4234.8,72504.0,79540.89,182908.39,142559.8,0.78
34,INTERDISCIPLINARY ENGINEER/SCIENTIST,Point Mugu,California,128722.0,Software,40.28,77.95,7036.89,30.55,125.75,110000,138325.0,4234.8,72504.0,79540.89,208262.89,142559.8,0.68
35,Probation Services Assistant,Las Vegas,Nevada,63177.0,Software,30.23,77.95,5392.82,14.88,100.7,110000,110770.0,2542.44,54414.0,59806.82,122983.82,113312.44,0.92
36,Computer Engineer,Garden City,New York,120104.5,Software,37.86,77.95,6758.4,24.37,97.04,110000,106744.0,3567.36,68148.0,74906.4,195010.9,110311.36,0.57
37,SCIENTIST,Dahlgren,Virginia,107643.5,Software,28.91,86.7,5590.44,14.46,94.71,110000,104181.0,2602.08,52038.0,57628.44,165271.94,106783.08,0.65
38,Computer Scientist,Joint Base Anacostia-Bolling,District of Columbia,117195.5,Software,52.54,77.95,5433.45,17.985451807228916,120.1,110000,132110.0,2877.83,94572.0,100005.45,217200.95,134987.83,0.62
39,Principal Systems Engineer #5480,Washington DC,District of Columbia,151120.0,Software,52.54,77.95,5433.45,17.985451807228916,120.1,110000,132110.0,2877.83,94572.0,100005.45,251125.45,134987.83,0.54
40,ENGINEER/SCIENTIST,Dahlgren,Virginia,107643.5,Software,28.91,86.7,5590.44,14.46,94.71,110000,104181.0,2602.08,52038.0,57628.44,165271.94,106783.08,0.65
41,IT SPECIALIST (SYSADMIN),China Lake,California,100590.5,Software,40.28,77.95,7036.89,30.55,125.75,110000,138325.0,4234.8,72504.0,79540.89,180131.39,142559.8,0.79
42,Health Technician (Dietetic),Providence,Rhode Island,52528.0,Software,30.88,77.95,4872.75,25.31,111.5,110000,122650.0,3668.88,55584.0,60456.75,112984.75,126318.88,1.12
43,IT Specialist (SYSADMIN/INFOSEC),Whitehall,Ohio,106348.5,Software,20.56,77.95,4054.52,15.98,88.8,110000,97680.0,2661.24,37008.0,41062.52,147411.02,100341.24,0.68
44,Engineering Technician (Civil),Appleton,Wisconsin,85027.5,Software,21.02,77.95,4333.44,16.31,90.7,110000,99770.0,2696.88,37836.0,42169.44,127196.94,102466.88,0.81
45,Applications Programmer,Washington,District of Columbia,94629.0,Software,52.54,77.95,5433.45,17.985451807228916,120.1,110000,132110.0,2877.83,94572.0,100005.45,194634.45,134987.83,0.69
46,ENGINEER/SCIENTIST,Dahlgren,Virginia,129078.0,Software,28.91,86.7,5590.44,14.46,94.71,110000,104181.0,2602.08,52038.0,57628.44,186706.44,106783.08,0.57
47,PROGRAM SPECIALIST (PROJECT MANAGER),Quantico,Virginia,138667.0,Software,28.91,86.7,5590.44,14.46,94.71,110000,104181.0,2602.08,52038.0,57628.44,196295.44,106783.08,0.54
48,Biomedical Equipment Support Specialist (Information Systems),White River Junction,Vermont,115429.5,Software,30.2,82.78,5433.45,22.29,112.8,110000,124080.0,3400.68,54360.0,59793.45,175222.95,127480.68,0.73
49,Biomedical Equipment Support Specialist (Information Systems),White River Junction,Vermont,115429.5,Software,30.2,82.78,5433.45,22.29,112.8,110000,124080.0,3400.68,54360.0,59793.45,175222.95,127480.68,0.73
50,OFFICE AUTOMATION ASSISTANT,Columbia,Maryland,59157.0,Software,25.01,75.44,6001.22,18.15,101.12,110000,111232.0,2865.48,45018.0,51019.22,110176.22,114097.48,1.04
51,Clinical Laboratory Scientist (Laboratory Information Manager),Oklahoma City,Oklahoma,120488.0,Software,21.53,81.27,4392.38,11.52,87.3,110000,96030.0,2219.4,38754.0,43146.38,163634.38,98249.4,0.6
52,Public Notice for Computer Engineer (Direct Hire),Belgium,Belgium,101608.0,Software,30.2,77.95,5433.45,17.985451807228916,102.18,110000,112398.0,2877.83,54360.0,59793.45,161401.45,115275.83,0.71
53,Engineering Technician (Geospatial Information System) (Direct Hire Authority),Texarkana,Texas,85027.5,Software,27.45,77.95,5151.54,15.32,86.3,110000,94930.0,2589.96,49410.0,54561.54,139589.04,97519.96,0.7
54,OFFICE AUTOMATION ASSISTANT,Columbia,Maryland,59157.0,Software,25.01,75.44,6001.22,18.15,101.12,110000,111232.0,2865.48,45018.0,51019.22,110176.22,114097.48,1.04
55,"CHIEF INFORMATION OFFICER, NF-2210-05",Jacksonville,North Carolina,103084.8,Software,27.48,77.95,4979.85,13.49,91.7,110000,100870.0,2392.32,49464.0,54443.85,157528.65,103262.32,0.66
56,COMPUTER ASSISTANT,Grand Forks AFB,North Dakota,70277.0,Software,30.2,56.42,5433.45,10.21,91.48,110000,100628.0,1779.72,54360.0,59793.45,130070.45,102407.72,0.79
57,ENGINEER/SCIENTIST,Dahlgren,Virginia,118059.0,Software,28.91,86.7,5590.44,14.46,94.71,110000,104181.0,2602.08,52038.0,57628.44,175687.44,106783.08,0.61
58,Clinical Laboratory Scientist (Laboratory Information Manager),Oklahoma City,Oklahoma,120488.0,Software,21.53,81.27,4392.38,11.52,87.3,110000,96030.0,2219.4,38754.0,43146.38,163634.38,98249.4,0.6
59,U.S. Probation Officer - FT/Permanent,Saint Louis,Missouri,106600.5,Software,24.6,72.8,3937.23,11.57,87.77,110000,96547.0,2123.16,44280.0,48217.23,154817.73,98670.16,0.64
60,Information Technology Cybersecurity Specialist,Oakland,California,106295.0,Software,51.74,77.95,8415.01,30.55,125.75,110000,138325.0,4234.8,93132.0,101547.01,207842.01,142559.8,0.69
61,Information Technology Cybersecurity Specialist,Oakland,California,106295.0,Software,51.74,77.95,8415.01,30.55,125.75,110000,138325.0,4234.8,93132.0,101547.01,207842.01,142559.8,0.69
62,Operations Assistant NF-02,Fort Campbell,Kentucky,35360.0,Software,19.69,79.56,4469.83,13.28,88.18,110000,96998.0,2388.96,35442.0,39911.83,75271.83,99386.96,1.32
63,ELECTRONIC INTEGRATED SYSTEMS MECHANIC (TITLE 32),Whiteman AFB,Missouri,86351.2,Software,21.59,72.8,3937.23,11.57,87.77,110000,96547.0,2123.16,38862.0,42799.23,129150.43,98670.16,0.76
64,COMPUTER ASSISTANT,Pope AFB,North Carolina,73386.5,Software,27.48,77.95,4979.85,13.49,91.84,110000,101024.0,2392.32,49464.0,54443.85,127830.35,103416.32,0.81
65,COMPUTER ASSISTANT,Travis AFB,California,87855.5,Software,40.28,77.95,7036.89,30.55,125.75,110000,138325.0,4234.8,72504.0,79540.89,167396.39,142559.8,0.85
66,Library Assistant,Everett,Washington,43212.0,Software,23.61,77.95,6659.49,11.83,107.02,110000,117722.0,2213.04,42498.0,49157.49,92369.49,119935.04,1.3
67,General Engineer,Redstone Arsenal,Alabama,162445.0,Software,20.67,74.1,4021.31,14.91,89.37,110000,98307.0,2499.48,37206.0,41227.31,203672.31,100806.48,0.49
68,Information Technology Specialist (CUSTSPT) NF-03,Fort Drum,New York,50000.0,Software,33.56,77.95,6758.4,24.37,97.04,110000,106744.0,3567.36,60408.0,67166.4,117166.4,110311.36,0.94
69,Information Technology Specialist (Customer Support),Fort Shafter,Hawaii,101116.0,Software,37.48,63.18,5029.32,42.34,154.57,110000,170027.0,5330.88,67464.0,72493.32,173609.32,175357.88,1.01
70,Information Technology Specialist (Computer Specialist),Lexington,Kentucky,85709.5,Software,19.19,79.56,4469.83,13.28,91.1,110000,100210.0,2388.96,34542.0,39011.83,124721.33,102598.96,0.82
71,Financial System Analyst,Washington,District of Columbia,163861.0,Software,52.54,77.95,5433.45,17.985451807228916,120.1,110000,132110.0,2877.83,94572.0,100005.45,263866.45,134987.83,0.51
72,IT SPECIALIST (APPSW),Indianapolis,Indiana,85819.0,Software,20.84,77.95,4670.34,14.42,90.2,110000,99220.0,2492.76,37512.0,42182.34,128001.34,101712.76,0.79
73,Test and Evaluation Manager,Aberdeen Proving Ground,Maryland,168844.0,Software,26.17,75.44,6001.22,18.15,101.12,110000,111232.0,2865.48,47106.0,53107.22,221951.22,114097.48,0.51
74,IT SPECIALIST (CUSTSPT)(Title 32),East Granby,Connecticut,95937.0,Software,27.62,72.47,5433.45,28.16,108.56,110000,119416.0,3910.92,49716.0,55149.45,151086.45,123326.92,0.82
75,Computer Scientist (Public Notice),Gunter AFB,Alabama,73231.0,Software,20.67,74.1,4021.31,14.91,89.37,110000,98307.0,2499.48,37206.0,41227.31,114458.31,100806.48,0.88
76,IT SPECIALIST (SYSADMIN/INFOSEC),Corpus Christi,Texas,85441.5,Software,20.29,77.95,3540.59,15.32,93.3,110000,102630.0,2589.96,36522.0,40062.59,125504.09,105219.96,0.84
77,Financial System Analyst,Washington,District of Columbia,143317.5,Software,52.54,77.95,5433.45,17.985451807228916,120.1,110000,132110.0,2877.83,94572.0,100005.45,243322.95,134987.83,0.55
78,Airway Transportation Systems Specialist (TSOG) COMM,Albuquerque,New Mexico,113338.5,Software,20.12,68.46,4666.31,14.26,92.9,110000,102190.0,2361.6,36216.0,40882.31,154220.81,104551.6,0.68
79,COMPUTER TECH NF3*,Havelock,North Carolina,39416.0,Software,27.48,77.95,4979.85,13.49,91.84,110000,101024.0,2392.32,49464.0,54443.85,93859.85,103416.32,1.1
80,Administrative Support Assistant NF-03,Carlisle Barracks,Pennsylvania,42490.0,Software,28.6,84.33,6024.26,17.6,93.45,110000,102795.0,2912.76,51480.0,57504.26,99994.26,105707.76,1.06
81,Geographer,New Orleans,Louisiana,102882.5,Software,20.03,77.95,4692.05,11.7,92.4,110000,101640.0,2199.0,36054.0,40746.05,143628.55,103839.0,0.72
82,IT SPECIALIST (DATAMGT)(T32),Montgomery,Alabama,100004.5,Software,20.67,74.1,3693.64,14.91,88.5,110000,97350.0,2499.48,37206.0,40899.64,140904.14,99849.48,0.71
83,SUPPLY TECHNICIAN (OFFICE AUTOMATION),Warren AFB,Wyoming,57456.0,Software,30.2,58.63,5433.45,11.78,95.55,110000,105105.0,1975.8,54360.0,59793.45,117249.45,107080.8,0.91
84,SUPPLY TECHNICIAN (OFFICE AUTOMATION),Nellis AFB,Nevada,58688.0,Software,26.63,77.95,5059.37,14.88,103.7,110000,114070.0,2542.44,47934.0,52993.37,111681.37,116612.44,1.04
85,HUMAN RESOURCES ASSISTANT (RECRUITMENT & PLACEMENT/OA),Barksdale AFB,Louisiana,52642.0,Software,19.57,77.95,3973.93,11.7,88.6,110000,97460.0,2199.0,35226.0,39199.93,91841.93,99659.0,1.09
86,IT SPECIALIST (SYSADMIN/OS),National Maritime Intelligence Center,Maryland,138667.0,Software,26.17,75.44,6001.22,18.15,101.12,110000,111232.0,2865.48,47106.0,53107.22,191774.22,114097.48,0.59
87,Computer Clerk and Assistant,Offutt AFB,Nebraska,47944.0,Software,20.59,77.95,3902.3,10.78,92.13,110000,101343.0,2099.64,37062.0,40964.3,88908.3,103442.64,1.16
88,IT Specialist (Internet),Fort Leonard Wood,Missouri,85027.5,Software,21.59,72.8,3937.23,11.57,87.77,110000,96547.0,2123.16,38862.0,42799.23,127826.73,98670.16,0.77
89,PARALEGAL SPECIALIST,Eglin AFB,Florida,68224.0,Software,31.24,83.25,4977.02,14.2,101.26,110000,111386.0,2532.6,56232.0,61209.02,129433.02,113918.6,0.88
90,GRAPHIC ARTIST NF2,Beaufort,South Carolina,34320.0,Software,27.08,74.17,5433.45,13.87,93.41,110000,102751.0,2388.0,48744.0,54177.45,88497.45,105139.0,1.19
91,Secretary (Office Automation),Redstone Arsenal,Alabama,73188.5,Software,20.67,74.1,4021.31,14.91,89.37,110000,98307.0,2499.48,37206.0,41227.31,114415.81,100806.48,0.88
92,Graphic Designer,Fort Sam Houston,Texas,40560.0,Software,27.45,77.95,5151.54,15.32,91.05,110000,100155.0,2589.96,49410.0,54561.54,95121.54,102744.96,1.08
93,Graphic Designer,Fort Sam Houston,Texas,40560.0,Software,27.45,77.95,5151.54,15.32,91.05,110000,100155.0,2589.96,49410.0,54561.54,95121.54,102744.96,1.08
94,Operations Research Analyst (PUBLIC NOTICE),Gunter AFB,Alabama,69836.0,Operations Research Analyst,20.67,74.1,4021.31,14.91,89.37,85000,75964.5,2499.48,37206.0,41227.31,111063.31,78463.98,0.71
95,INTELLIGENCE SPECIALIST,Quantico,Virginia,145339.0,Operations Research Analyst,28.91,86.7,5590.44,14.46,94.71,85000,80503.5,2602.08,52038.0,57628.44,202967.44,83105.58,0.41
96,Operations Research Analyst,Fort Belvoir,Virginia,163861.0,Operations Research Analyst,28.91,86.7,5590.44,14.46,94.71,85000,80503.5,2602.08,52038.0,57628.44,221489.44,83105.58,0.38
97,Imagery Analyst Joint PED Operations Center JPOC,Washington,District of Columbia,135658.0,Operations Research Analyst,52.54,77.95,5433.45,17.985451807228916,120.1,85000,102085.0,2877.83,94572.0,100005.45,235663.45,104962.83,0.45
98,OPERATIONS RESEARCH ANALYST,Los Angeles County,California,78307.5,Operations Research Analyst,40.28,77.95,7036.89,30.55,125.75,85000,106887.5,4234.8,72504.0,79540.89,157848.39,111122.3,0.7
99,INFORMATION TECHNOLOGY SPECIALIST,Salt Lake City,Utah,72951.0,Operations Research Analyst,26.96,69.01,4143.37,11.02,105.9,85000,90015.0,2018.28,48528.0,52671.37,125622.37,92033.28,0.73
100,Transportation Security Specialist,Annapolis Junction,Maryland,108213.5,Operations Research Analyst,26.17,75.44,6001.22,18.15,101.12,85000,85952.0,2865.48,47106.0,53107.22,161320.72,88817.48,0.55
101,Transportation Security Specialist,Annapolis Junction,Maryland,108213.5,Operations Research Analyst,26.17,75.44,6001.22,18.15,101.12,85000,85952.0,2865.48,47106.0,53107.22,161320.72,88817.48,0.55
102,INTELLIGENCE SPECIALIST,National Maritime Intelligence Center,Maryland,163861.0,Operations Research Analyst,26.17,75.44,6001.22,18.15,101.12,85000,85952.0,2865.48,47106.0,53107.22,216968.22,88817.48,0.41
103,DATA SCIENTIST,Gunter AFB,Alabama,71287.5,Operations Research Analyst,20.67,74.1,4021.31,14.91,89.37,85000,75964.5,2499.48,37206.0,41227.31,112514.81,78463.98,0.7
104,SENIOR ACQUISITION PROGRAM SPECIALIST,Naval Air Station San Diego,California,138439.5,Management Analyst,40.28,77.95,7036.89,30.55,125.75,95000,119462.5,4234.8,72504.0,79540.89,217980.39,123697.3,0.57
105,INTELLIGENCE SPECIALIST,Quantico,Virginia,145339.0,Management Analyst,28.91,86.7,5590.44,14.46,94.71,95000,89974.5,2602.08,52038.0,57628.44,202967.44,92576.58,0.46
106,ACCOUNTING AND BUDGET TECHNICIAN,Robins AFB,Georgia,57456.0,Management Analyst,23.66,77.95,5285.46,13.49,91.9,95000,87305.0,2392.32,42588.0,47873.46,105329.46,89697.32,0.85
107,SUPERVISORY FACIILITY SUPPORT CONTRACT MANAGER,Patuxent River,Maryland,116613.5,Management Analyst,26.17,75.44,6001.22,18.15,101.12,95000,96064.0,2865.48,47106.0,53107.22,169720.72,98929.48,0.58
108,Supervisory Management and Program Analyst,New Cumberland Defense Logistics Center,Pennsylvania,138667.0,Management Analyst,28.6,84.33,6024.26,17.6,93.45,95000,88777.5,2912.76,51480.0,57504.26,196171.26,91690.26,0.47
109,FINANCIAL MANAGEMENT SPECIALIST,Arlington,Virginia,138667.0,Management Analyst,41.96,86.7,5590.44,14.46,94.71,95000,89974.5,2602.08,75528.0,81118.44,219785.44,92576.58,0.42
110,INFORMATION TECHNOLOGY (DATAMGT),Annapolis,Maryland,116613.5,Management Analyst,29.76,75.44,6001.22,18.15,101.12,95000,96064.0,2865.48,53568.0,59569.22,176182.72,98929.48,0.56
111,FINANCIAL MANAGEMENT SPECIALIST,Luke AFB,Arizona,78307.5,Management Analyst,27.25,75.34,5693.03,15.2,100.39,95000,95370.5,2545.68,49050.0,54743.03,133050.53,97916.18,0.74
112,Realty Officer,Fort Shafter,Hawaii,149510.5,Management Analyst,37.48,63.18,5029.32,42.34,154.57,95000,146841.5,5330.88,67464.0,72493.32,222003.82,152172.38,0.69
113,PROGRAM ANALYST,Langley AFB,Virginia,89472.5,Management Analyst,28.91,86.7,5590.44,14.46,94.71,95000,89974.5,2602.08,52038.0,57628.44,147100.94,92576.58,0.63
114,Operations Research Analyst,Fort Belvoir,Virginia,163861.0,Management Analyst,28.91,86.7,5590.44,14.46,94.71,95000,89974.5,2602.08,52038.0,57628.44,221489.44,92576.58,0.42
115,FINANCIAL MANAGEMENT SPECIALIST,Robins AFB,Georgia,94760.0,Management Analyst,23.66,77.95,5285.46,13.49,91.9,95000,87305.0,2392.32,42588.0,47873.46,142633.46,89697.32,0.63
116,LEAD MANAGEMENT ANALYST,Quantico,Virginia,129078.0,Management Analyst,28.91,86.7,5590.44,14.46,94.71,95000,89974.5,2602.08,52038.0,57628.44,186706.44,92576.58,0.5
117,Program Analyst (Counterfeit Detection and Avoidance Program),Whitehall,Ohio,98638.0,Management Analyst,20.56,77.95,4054.52,15.98,88.8,95000,84360.0,2661.24,37008.0,41062.52,139700.52,87021.24,0.62
118,FINANCIAL ANALYST--DIRECT HIRE AUTHORITY,Eglin AFB,Florida,122372.0,Management Analyst,31.24,83.25,4977.02,14.2,101.26,95000,96197.0,2532.6,56232.0,61209.02,183581.02,98729.6,0.54
119,EMERGENCY MANAGEMENT PROGRAM SPECIALIST,Tyndall AFB,Florida,85027.5,Management Analyst,31.24,83.25,4977.02,14.2,101.26,95000,96197.0,2532.6,56232.0,61209.02,146236.52,98729.6,0.68
120,SUPERVISORY IMMIGRATION OFFICER,Camp Springs,Maryland,163861.0,Management Analyst,26.17,75.44,6001.22,18.15,101.12,95000,96064.0,2865.48,47106.0,53107.22,216968.22,98929.48,0.46
121,PROGRAM ANALYST,Barksdale AFB,Louisiana,121191.5,Management Analyst,19.57,77.95,3973.93,11.7,88.6,95000,84170.0,2199.0,35226.0,39199.93,160391.43,86369.0,0.54
122,OPERATIONS RESEARCH ANALYST,Los Angeles County,California,78307.5,Management Analyst,40.28,77.95,7036.89,30.55,125.75,95000,119462.5,4234.8,72504.0,79540.89,157848.39,123697.3,0.78
123,SUPERVISORY IMMIGRATION OFFICER,Camp Springs,Maryland,154882.5,Management Analyst,26.17,75.44,6001.22,18.15,101.12,95000,96064.0,2865.48,47106.0,53107.22,207989.72,98929.48,0.48
124,INFORMATION TECHNOLOGY SPECIALIST,Salt Lake City,Utah,72951.0,Management Analyst,26.96,69.01,4143.37,11.02,105.9,95000,100605.0,2018.28,48528.0,52671.37,125622.37,102623.28,0.82
125,Accountant,Springfield,Virginia,120678.0,Management Analyst,24.47,86.7,5590.44,14.46,94.71,95000,89974.5,2602.08,44046.0,49636.44,170314.44,92576.58,0.54
126,COMMAND PROGRAM SUPPORT SPECIALIST,Helena,Montana,85027.5,Management Analyst,30.2,123.37,5433.45,11.87,104.2,95000,98990.0,2762.4,54360.0,59793.45,144820.95,101752.4,0.7
127,Emergency Management Specialist (Response),Atlanta,Georgia,128159.0,Management Analyst,34.79,77.95,7289.35,13.49,100.3,95000,95285.0,2392.32,62622.0,69911.35,198070.35,97677.32,0.49
128,INTELLIGENCE SPECIALIST,National Maritime Intelligence Center,Maryland,163861.0,Management Analyst,26.17,75.44,6001.22,18.15,101.12,95000,96064.0,2865.48,47106.0,53107.22,216968.22,98929.48,0.46
129,Budget Analyst,Scott AFB,Illinois,74891.0,Management Analyst,23.79,77.95,7041.83,15.99,88.06,95000,83657.0,2662.32,42822.0,49863.83,124754.83,86319.32,0.69
130,Information Technology Specialist,New London,Connecticut,136742.0,Management Analyst,20.58,72.47,5433.45,28.16,105.9,95000,100605.0,3910.92,37044.0,42477.45,179219.45,104515.92,0.58
131,Budget Analyst,Scott AFB,Illinois,74891.0,Management Analyst,23.79,77.95,7041.83,15.99,88.06,95000,83657.0,2662.32,42822.0,49863.83,124754.83,86319.32,0.69
132,Technical Analyst (Aviation Safety),Singapore,Singapore,120557.5,Management Analyst,30.2,77.95,5433.45,17.985451807228916,102.18,95000,97071.0,2877.83,54360.0,59793.45,180350.95,99948.83,0.55
133,IT SPECIALIST (DATAMGT)(T32),Montgomery,Alabama,100004.5,Management Analyst,20.67,74.1,3693.64,14.91,88.5,95000,84075.0,2499.48,37206.0,40899.64,140904.14,86574.48,0.61
134,Interdisciplinary - General Engineer/Physical Scientist,Atlantic City,New Jersey,147255.5,Management Analyst,31.19,82.79,8059.16,19.49,102.0,95000,96900.0,3098.4,56142.0,64201.16,211456.66,99998.4,0.47
135,ACCOUNTING OFFICER,Kingshill,Virgin Islands,100004.5,Management Analyst,30.2,77.95,5433.45,17.985451807228916,102.18,95000,97071.0,2877.83,54360.0,59793.45,159797.95,99948.83,0.63
136,ACCOUNTING OFFICER,Lincoln,Nebraska,101917.0,Management Analyst,20.58,77.95,3710.21,10.78,94.7,95000,89965.0,2099.64,37044.0,40754.21,142671.21,92064.64,0.65
137,IT PROJECT MANAGER (PLCYPLN),Fort Belvoir,Virginia,163861.0,IT Project,28.91,86.7,5590.44,14.46,94.71,105000,99445.5,2602.08,52038.0,57628.44,221489.44,102047.58,0.46
138,IT Project Manager (SYSANALYSIS),Battle Creek,Michigan,131069.0,IT Project,21.42,77.95,3880.78,18.41,85.9,105000,90195.0,2923.68,38556.0,42436.78,173505.78,93118.68,0.54
139,IT Project Manager  (SYSANALYSIS),Battle Creek,Michigan,131069.0,IT Project,21.42,77.95,3880.78,18.41,85.9,105000,90195.0,2923.68,38556.0,42436.78,173505.78,93118.68,0.54
140,IT PROJECT MANAGER,MacDill AFB,Florida,101917.0,IT Project,31.24,83.25,4977.02,14.2,101.26,105000,106323.0,2532.6,56232.0,61209.02,163126.02,108855.6,0.67
141,IT PROJECT MANAGER (PLCYPLN),NIWC LANT Charleston,South Carolina,121191.5,IT Project,27.08,74.17,5433.45,13.87,93.41,105000,98080.5,2388.0,48744.0,54177.45,175368.95,100468.5,0.57
142,IT PROJECT MANAGER (PLCYPLN),NIWC LANT Charleston,South Carolina,157477.5,IT Project,27.08,74.17,5433.45,13.87,93.41,105000,98080.5,2388.0,48744.0,54177.45,211654.95,100468.5,0.47
143,IT PROJECT MANAGER (SYSANALYSIS),Offutt AFB,Nebraska,122403.0,IT Project,20.59,77.95,3902.3,10.78,92.13,105000,96736.5,2099.64,37062.0,40964.3,163367.3,98836.14,0.6
144,IT PROJECT MANAGER (SYSANALYSIS),Kelly AFB,Texas,155535.0,IT Project,27.45,77.95,5151.54,15.32,91.05,105000,95602.5,2589.96,49410.0,54561.54,210096.54,98192.46,0.47
145,IT PROJECT MANAGER (SYSANALYSIS),Kelly AFB,Texas,151153.5,IT Project,27.45,77.95,5151.54,15.32,91.05,105000,95602.5,2589.96,49410.0,54561.54,205715.04,98192.46,0.48
146,Information Technology Specialist (Project Manager),San Antonio,Texas,129237.0,IT Project,27.34,77.95,4251.07,15.32,92.7,105000,97335.0,2589.96,49212.0,53463.07,182700.07,99924.96,0.55
147,IT Project Manager (Network Services) - Network Engineer,Washington,District of Columbia,163861.0,IT Project,52.54,77.95,5433.45,17.985451807228916,120.1,105000,126105.0,2877.83,94572.0,100005.45,263866.45,128982.83,0.49
148,Information Technology Specialist (Product Manager),Washington,District of Columbia,145731.5,IT Project,52.54,77.95,5433.45,17.985451807228916,120.1,105000,126105.0,2877.83,94572.0,100005.45,245736.95,128982.83,0.52
149,SUPERVISORY IT SPECIALIST (INFOSEC/PLCYPLN),Honolulu,Hawaii,149510.5,IT Project,37.48,63.18,5029.32,42.34,158.0,105000,165900.0,5330.88,67464.0,72493.32,222003.82,171230.88,0.77
150,SUPERVISORY IT SPECIALIST (SYSANALYSIS),Quantico,Virginia,163861.0,IT Project,28.91,86.7,5590.44,14.46,94.71,105000,99445.5,2602.08,52038.0,57628.44,221489.44,102047.58,0.46
151,Project Manager (Interdisciplinary),Chicago,Illinois,101917.0,IT Project,34.16,77.95,8319.68,15.99,100.1,105000,105105.0,2662.32,61488.0,69807.68,171724.68,107767.32,0.63
152,General Engineer/Architect (Senior Project Manager),Washington DC,District of Columbia,160305.5,IT Project,52.54,77.95,5433.45,17.985451807228916,120.1,105000,126105.0,2877.83,94572.0,100005.45,260310.95,128982.83,0.5
153,IT Specialist (PLCYPLN),Fort Carson,Colorado,89800.5,IT Project,25.38,77.95,5740.88,15.16,108.3,105000,113715.0,2572.68,45684.0,51424.88,141225.38,116287.68,0.82
154,Project Manager (Interdisciplinary),Chicago,Illinois,121191.5,IT Project,34.16,77.95,8319.68,15.99,100.1,105000,105105.0,2662.32,61488.0,69807.68,190999.18,107767.32,0.56
155,Project Manager (Interdisciplinary),Chicago,Illinois,112810.5,IT Project,34.16,77.95,8319.68,15.99,100.1,105000,105105.0,2662.32,61488.0,69807.68,182618.18,107767.32,0.59
156,Special Assistant,Washington,District of Columbia,129078.0,IT Project,52.54,77.95,5433.45,17.985451807228916,120.1,105000,126105.0,2877.83,94572.0,100005.45,229083.45,128982.83,0.56
157,"Program Analyst, Portfolio Management Office (O-5 Billet) Non-Supervisory",Washington,District of Columbia,75000.5,IT Project,52.54,77.95,5433.45,17.985451807228916,120.1,105000,126105.0,2877.83,94572.0,100005.45,175005.95,128982.83,0.74
158,IT SPECIALIST (DATAMGT),Indianapolis,Indiana,124708.0,IT Project,20.84,77.95,4670.34,14.42,90.2,105000,94710.0,2492.76,37512.0,42182.34,166890.34,97202.76,0.58
159,Project Manager (Interdisciplinary),Chicago,Illinois,112810.5,IT Project,34.16,77.95,8319.68,15.99,100.1,105000,105105.0,2662.32,61488.0,69807.68,182618.18,107767.32,0.59
160,FINANCIAL SYSTEMS SPECIALIST,Whitehall,Ohio,126461.5,IT Project,20.56,77.95,4054.52,15.98,88.8,105000,93240.0,2661.24,37008.0,41062.52,167524.02,95901.24,0.57
161,Information Technology Specialist (Policy and Planning),Fort Shafter,Hawaii,115107.5,IT Project,37.48,63.18,5029.32,42.34,154.57,105000,162298.5,5330.88,67464.0,72493.32,187600.82,167629.38,0.89
162,IT SPECIALIST (INFOSEC),Fort Campbell,Kentucky,87788.0,IT Project,19.69,79.56,4469.83,13.28,88.18,105000,92589.0,2388.96,35442.0,39911.83,127699.83,94977.96,0.74
163,PROGRAM SPECIALIST (PROJECT MANAGER),Quantico,Virginia,138667.0,IT Project,28.91,86.7,5590.44,14.46,94.71,105000,99445.5,2602.08,52038.0,57628.44,196295.44,102047.58,0.52
164,Information Technology Specialist (Systems Analysis),Washington,District of Columbia,122760.5,IT Project,52.54,77.95,5433.45,17.985451807228916,120.1,105000,126105.0,2877.83,94572.0,100005.45,222765.95,128982.83,0.58
165,Project Manager (Interdisciplinary),Chicago,Illinois,121191.5,IT Project,34.16,77.95,8319.68,15.99,100.1,105000,105105.0,2662.32,61488.0,69807.68,190999.18,107767.32,0.56
166,IT Specialist (SYS ANALYSIS),Washington,District of Columbia,163861.0,IT Project,52.54,77.95,5433.45,17.985451807228916,120.1,105000,126105.0,2877.83,94572.0,100005.45,263866.45,128982.83,0.49
167,IT Specialist (SYSANAL YSIS),Washington,District of Columbia,163861.0,IT Project,52.54,77.95,5433.45,17.985451807228916,120.1,105000,126105.0,2877.83,94572.0,100005.45,263866.45,128982.83,0.49
168,Project Manager (Interdisciplinary),Chicago,Illinois,101917.0,IT Project,34.16,77.95,8319.68,15.99,100.1,105000,105105.0,2662.32,61488.0,69807.68,171724.68,107767.32,0.63
169,QUALITY ASSURANCE SPECIALIST,Kaneohe,Hawaii,88768.0,IT Project,37.48,63.18,5029.32,42.34,154.57,105000,162298.5,5330.88,67464.0,72493.32,161261.32,167629.38,1.04
170,Healthcare Engineer,Indianapolis,Indiana,117536.5,IT Project,20.84,77.95,4670.34,14.42,90.2,105000,94710.0,2492.76,37512.0,42182.34,159718.84,97202.76,0.61
171,Immigration Officer,Williston,Vermont,146134.0,IT Project,30.2,82.78,5433.45,22.29,112.8,105000,118440.0,3400.68,54360.0,59793.45,205927.45,121840.68,0.59
172,IT SPECIALIST (NETWORK),Kahului,Hawaii,101116.0,IT Project,37.48,63.18,5029.32,42.34,158.5,105000,166425.0,5330.88,67464.0,72493.32,173609.32,171755.88,0.99
173,IT CYBERSECURITY SPECIALIST (INFOSEC),Lincoln,Nebraska,81001.0,IT Project,20.58,77.95,3710.21,10.78,94.7,105000,99435.0,2099.64,37044.0,40754.21,121755.21,101534.64,0.83
174,Airport Certification and Safety Inspector,El Segundo,California,117155.0,IT Project,48.97,77.95,7036.89,30.55,125.75,105000,132037.5,4234.8,88146.0,95182.89,212337.89,136272.3,0.64
175,Airport Certification and Safety Inspector,El Segundo,California,117155.0,IT Project,48.97,77.95,7036.89,30.55,125.75,105000,132037.5,4234.8,88146.0,95182.89,212337.89,136272.3,0.64
176,General Engineer (6 Month Register),Whitehall,Ohio,84490.5,IT Project,20.56,77.95,4054.52,15.98,88.8,105000,93240.0,2661.24,37008.0,41062.52,125553.02,95901.24,0.76
177,IT SPECIALIST (INFOSEC),Lincoln,Nebraska,76825.0,IT Project,20.58,77.95,3710.21,10.78,94.7,105000,99435.0,2099.64,37044.0,40754.21,117579.21,101534.64,0.86
178,Health System Specialist,Durham,North Carolina,73386.5,IT Project,28.52,77.95,5194.3,13.49,99.8,105000,104790.0,2392.32,51336.0,56530.3,129916.8,107182.32,0.83
179,PHYSICAL SECURITY SPECIALIST (NUCLEAR),Fort Belvoir,Virginia,152906.5,IT Project,28.91,86.7,5590.44,14.46,94.71,105000,99445.5,2602.08,52038.0,57628.44,210534.94,102047.58,0.48
180,PROJECT OFFICER,Kirtland AFB,New Mexico,114034.5,IT Project,19.07,68.46,4666.31,14.26,90.62,105000,95151.0,2361.6,34326.0,38992.31,153026.81,97512.6,0.64
181,MANAGEMENT AND PROGRAM ANALYST,Scott AFB,Illinois,124266.5,IT Project,23.79,77.95,7041.83,15.99,88.06,105000,92463.0,2662.32,42822.0,49863.83,174130.33,95125.32,0.55
182,Aviation Safety Inspector (General Aviation - Operations),Flowood,Mississippi,143210.0,IT Project,20.12,77.95,2535.04,13.44,85.97,105000,90268.5,2386.92,36216.0,38751.04,181961.04,92655.42,0.51
183,Aviation Safety Inspector  (General Aviation - Operations),Greensboro,North Carolina,143210.0,IT Project,20.69,77.95,3570.35,13.49,91.0,105000,95550.0,2392.32,37242.0,40812.35,184022.35,97942.32,0.53
184,Aviation Safety Inspector  (General Aviation - Operations),Tutuila Island,American Samoa,143210.0,IT Project,30.2,77.95,5433.45,17.985451807228916,102.18,105000,107289.0,2877.83,54360.0,59793.45,203003.45,110166.83,0.54
185,Logistics Data Analyst (12 Month Register),Battle Creek,Michigan,68960.5,Data Analyst,21.42,77.95,3880.78,18.41,85.9,72500,62277.5,2923.68,38556.0,42436.78,111397.28,65201.18,0.59
186,PROGRAM ANALYST (Data Analytics and Visualization),Fort Shafter,Hawaii,126523.5,Data Analyst,37.48,63.18,5029.32,42.34,154.57,72500,112063.25,5330.88,67464.0,72493.32,199016.82,117394.13,0.59
187,Management and Program Analyst (Data Analytics),Oakland,California,118232.0,Data Analyst,51.74,77.95,8415.01,30.55,125.75,72500,91168.75,4234.8,93132.0,101547.01,219779.01,95403.55,0.43
188,Local Hire (IRC Geospatial and Data Analytics Cell Analyst),Nashville,Tennessee,28.45,Data Analyst,30.46,77.95,5088.14,13.04,100.1,72500,72572.5,2343.72,54828.0,59916.14,59944.59,74916.22,1.25
189,INTERDISCIPLINARY (Ops Research Analyst/Mathematician/Statistician/Computer Sci/Data Sci),Louisville,Georgia,73038.0,Data Analyst,23.66,77.95,5285.46,13.49,91.9,72500,66627.5,2392.32,42588.0,47873.46,120911.46,69019.82,0.57
190,Management and Program Analyst,Washington,District of Columbia,116613.5,Data Analyst,52.54,77.95,5433.45,17.985451807228916,120.1,72500,87072.5,2877.83,94572.0,100005.45,216618.95,89950.33,0.42
191,Senior Audit Program Analyst,Washington,District of Columbia,112038.0,Data Analyst,52.54,77.95,5433.45,17.985451807228916,120.1,72500,87072.5,2877.83,94572.0,100005.45,212043.45,89950.33,0.42
192,Business Process Analyst,Fort Belvoir,Virginia,163861.0,Data Analyst,28.91,86.7,5590.44,14.46,94.71,72500,68664.75,2602.08,52038.0,57628.44,221489.44,71266.83,0.32
193,Procurement Analyst,Whitehall,Ohio,106348.5,Data Analyst,20.56,77.95,4054.52,15.98,88.8,72500,64380.0,2661.24,37008.0,41062.52,147411.02,67041.24,0.45
194,Financial Realty Analyst,Richmond,Virginia,81102.5,Data Analyst,23.34,86.7,4570.38,14.46,99.2,72500,71920.0,2602.08,42012.0,46582.38,127684.88,74522.08,0.58
195,BUDGET ANALYST,Fort Belvoir,Virginia,129078.0,Data Analyst,28.91,86.7,5590.44,14.46,94.71,72500,68664.75,2602.08,52038.0,57628.44,186706.44,71266.83,0.38
196,Program Analyst,Scott AFB,Illinois,104503.0,Data Analyst,23.79,77.95,7041.83,15.99,88.06,72500,63843.5,2662.32,42822.0,49863.83,154366.83,66505.82,0.43
197,COST ANALYST,Wright-Patterson AFB,Ohio,85662.5,Data Analyst,20.56,77.95,4054.52,15.98,88.8,72500,64380.0,2661.24,37008.0,41062.52,126725.02,67041.24,0.53
198,Health System Specialist - Health Professions Education (HPE) Analyst,Brooklyn,New York,111453.0,Data Analyst,44.85,77.95,6758.4,24.37,97.04,72500,70354.0,3567.36,80730.0,87488.4,198941.4,73921.36,0.37
199,BUDGET ANALYST - DIRECT HIRE AUTHORITY,Wright-Patterson AFB,Ohio,74321.5,Data Analyst,20.56,77.95,4054.52,15.98,88.8,72500,64380.0,2661.24,37008.0,41062.52,115384.02,67041.24,0.58
200,ITSPEC (NETWORK),Atlantic City,New Jersey,93692.5,Data Analyst,31.19,82.79,8059.16,19.49,102.0,72500,73950.0,3098.4,56142.0,64201.16,157893.66,77048.4,0.49
201,ITSPEC (CUSTSPT),Atlantic City,New Jersey,93692.5,Data Analyst,31.19,82.79,8059.16,19.49,102.0,72500,73950.0,3098.4,56142.0,64201.16,157893.66,77048.4,0.49
202,PREVENTION SPECIALIST,Eielson AFB,Alaska,105641.0,Data Analyst,30.2,103.73,4845.27,22.38,109.3,72500,79242.5,3661.8,54360.0,59205.27,164846.27,82904.3,0.5
203,"Budget Analyst, NF-03",Fort Sam Houston,Texas,50000.0,Data Analyst,27.45,77.95,5151.54,15.32,91.05,72500,66011.25,2589.96,49410.0,54561.54,104561.54,68601.21,0.66
204,PROGRAM ANALYST (TITLE 32),Springfield,Illinois,64701.5,Data Analyst,23.79,77.95,7041.83,15.99,87.5,72500,63437.5,2662.32,42822.0,49863.83,114565.33,66099.82,0.58
205,PROGRAM ANALYST (TITLE 32),Springfield,Illinois,70277.0,Data Analyst,23.79,77.95,7041.83,15.99,87.5,72500,63437.5,2662.32,42822.0,49863.83,120140.83,66099.82,0.55
206,FINACIAL MANAGEMENT ANALYST,Albany Marine Corps Logistics Base,Georgia,85027.5,Data Analyst,23.66,77.95,5285.46,13.49,91.9,72500,66627.5,2392.32,42588.0,47873.46,132900.96,69019.82,0.52
207,Information Technology Specialist (Data Management),Fort Liberty,North Carolina,126554.5,Data Analyst,27.48,77.95,4979.85,13.49,91.84,72500,66584.0,2392.32,49464.0,54443.85,180998.35,68976.32,0.38
208,IT SPECIALIST (SYSADMIN),Springfield,Ohio,104068.5,Data Analyst,20.56,77.95,4054.52,15.98,87.5,72500,63437.5,2661.24,37008.0,41062.52,145131.02,66098.74,0.46
209,Financial Systems Analyst,Battle Creek,Michigan,101917.0,Data Analyst,21.42,77.95,3880.78,18.41,85.9,72500,62277.5,2923.68,38556.0,42436.78,144353.78,65201.18,0.45
210,Financial Systems Analyst,Whitehall,Ohio,106348.5,Data Analyst,20.56,77.95,4054.52,15.98,88.8,72500,64380.0,2661.24,37008.0,41062.52,147411.02,67041.24,0.45
211,MANAGEMENT ANALYST,Indiantown Gap,Pennsylvania,71699.5,Data Analyst,28.6,84.33,6024.26,17.6,93.45,72500,67751.25,2912.76,51480.0,57504.26,129203.76,70664.01,0.55
212,Interdisciplinary (General Engineer Mechanical Engineer Electronics Engineer),Charlottesville,Virginia,151153.5,Data Analyst,28.91,86.7,5590.44,14.46,102.1,72500,74022.5,2602.08,52038.0,57628.44,208781.94,76624.58,0.37
213,IT SPECIALIST (SYSADMIN/CUSTSPT),March AFB,California,97019.5,Data Analyst,40.28,77.95,7036.89,30.55,125.75,72500,91168.75,4234.8,72504.0,79540.89,176560.39,95403.55,0.54
214,IT SPECIALIST (SYSADMIN),Camp Murray,Washington,95566.5,Data Analyst,31.45,77.95,6659.49,11.83,107.02,72500,77589.5,2213.04,56610.0,63269.49,158835.99,79802.54,0.5
215,PUBLIC ACCESS PROGRAM COORDINATOR,Santa Rita,Guam,85027.5,Data Analyst,30.2,77.95,5433.45,17.985451807228916,102.18,72500,74080.5,2877.83,54360.0,59793.45,144820.95,76958.33,0.53
216,HUMAN RESOURCES SPECIALIST (INFO SYS/MILITARY),Randolph AFB,Texas,122972.5,Data Analyst,27.45,77.95,5151.54,15.32,91.05,72500,66011.25,2589.96,49410.0,54561.54,177534.04,68601.21,0.39
217,Supervisory Workforce Planning Analyst,Washington,District of Columbia,157889.5,Data Analyst,52.54,77.95,5433.45,17.985451807228916,120.1,72500,87072.5,2877.83,94572.0,100005.45,257894.95,89950.33,0.35
218,Correspondence Analyst,Washington,District of Columbia,89949.0,Data Analyst,52.54,77.95,5433.45,17.985451807228916,120.1,72500,87072.5,2877.83,94572.0,100005.45,189954.45,89950.33,0.47
219,PROGRAM ANALYST,Warren,Michigan,133677.0,Data Analyst,21.42,77.95,3880.78,18.41,89.84,72500,65134.0,2923.68,38556.0,42436.78,176113.78,68057.68,0.39
220,PROGRAM ANALYST,Warren,Michigan,133677.0,Data Analyst,21.42,77.95,3880.78,18.41,89.84,72500,65134.0,2923.68,38556.0,42436.78,176113.78,68057.68,0.39
221,IT SPECIALIST (NETWORK),Augusta,Maine,94872.5,Data Analyst,19.6,77.95,5433.45,26.29,100.0,72500,72500.0,3774.72,35280.0,40713.45,135585.95,76274.72,0.56
222,Border Operations Analyst and Researcher,Washington,District of Columbia,163861.0,Data Analyst,52.54,77.95,5433.45,17.985451807228916,120.1,72500,87072.5,2877.83,94572.0,100005.45,263866.45,89950.33,0.34
223,PRECISION STRIKE WEAPONEERING ANALYST,Honolulu,Hawaii,97592.5,Data Analyst,37.48,63.18,5029.32,42.34,158.0,72500,114550.0,5330.88,67464.0,72493.32,170085.82,119880.88,0.7
224,IT SPECIALIST (NETWORK),Des Moines,Iowa,102744.5,Data Analyst,25.08,75.86,3640.73,12.43,91.7,72500,66482.5,2252.76,45144.0,48784.73,151529.23,68735.26,0.45
225,IT SPECIALIST (SYSADMIN),Des Moines,Iowa,102744.5,Data Analyst,25.08,75.86,3640.73,12.43,91.7,72500,66482.5,2252.76,45144.0,48784.73,151529.23,68735.26,0.45
226,LEAN SIX SIGMA ANALYST,Whitehall,Ohio,106348.5,Data Analyst,20.56,77.95,4054.52,15.98,88.8,72500,64380.0,2661.24,37008.0,41062.52,147411.02,67041.24,0.45
227,INTERDISCIPLINARY-COMP ENG/ELEC ENG/OPS RESEARCH/COM SCIENTIST,Lackland AFB,Texas,151153.5,Data Analyst,27.45,77.95,5151.54,15.32,91.05,72500,66011.25,2589.96,49410.0,54561.54,205715.04,68601.21,0.33
228,INTERDISCIPLINARY (Project Management Specialist),Chicago,Illinois,78703.5,Data Analyst,34.16,77.95,8319.68,15.99,100.1,72500,72572.5,2662.32,61488.0,69807.68,148511.18,75234.82,0.51
229,Supervisory Program Analyst,Fort Shafter,Hawaii,149510.5,Data Analyst,37.48,63.18,5029.32,42.34,154.57,72500,112063.25,5330.88,67464.0,72493.32,222003.82,117394.13,0.53
230,IT SPEC (CUSTSPT) - TITLE 32,Robins AFB,Georgia,85027.5,Data Analyst,23.66,77.95,5285.46,13.49,91.9,72500,66627.5,2392.32,42588.0,47873.46,132900.96,69019.82,0.52
231,Management and Program Analyst,Atlanta,Georgia,101917.0,Data Analyst,34.79,77.95,7289.35,13.49,100.3,72500,72717.5,2392.32,62622.0,69911.35,171828.35,75109.82,0.44
232,Geographer,New Orleans,Louisiana,102882.5,Data Analyst,20.03,77.95,4692.05,11.7,92.4,72500,66990.0,2199.0,36054.0,40746.05,143628.55,69189.0,0.48
233,ENGINEER/SCIENTIST,Dahlgren,Virginia,107643.5,Data Analyst,28.91,86.7,5590.44,14.46,94.71,72500,68664.75,2602.08,52038.0,57628.44,165271.94,71266.83,0.43
234,Procurement Analyst,Philadelphia,Pennsylvania,112304.0,Data Analyst,38.14,84.33,6843.04,17.6,103.4,72500,74965.0,2912.76,68652.0,75495.04,187799.04,77877.76,0.41
235,ENGINEER/SCIENTIST,Dahlgren,Virginia,118059.0,Data Analyst,28.91,86.7,5590.44,14.46,94.71,72500,68664.75,2602.08,52038.0,57628.44,175687.44,71266.83,0.41
236,ENGINEER/SCIENTIST,Dahlgren,Virginia,118059.0,Data Analyst,28.91,86.7,5590.44,14.46,94.71,72500,68664.75,2602.08,52038.0,57628.44,175687.44,71266.83,0.41
237,IT SPECIALIST (SYSTEMS ADMINISTRATION) (TITLE 32),Greensboro,North Carolina,85027.5,Data Analyst,20.69,77.95,3570.35,13.49,91.0,72500,65975.0,2392.32,37242.0,40812.35,125839.85,68367.32,0.54
238,IT SPECIALIST (CUSTSPT),McConnell AFB,Kansas,85709.5,Data Analyst,22.91,77.95,4429.11,13.85,87.52,72500,63452.0,2431.2,41238.0,45667.11,131376.61,65883.2,0.5
239,INTELLIGENCE SPECIALIST,Quantico,Virginia,145339.0,Data Analyst,28.91,86.7,5590.44,14.46,94.71,72500,68664.75,2602.08,52038.0,57628.44,202967.44,71266.83,0.35
240,BUDGET ANALYST (TITLE 32),Springfield,Illinois,70277.0,Data Analyst,23.79,77.95,7041.83,15.99,87.5,72500,63437.5,2662.32,42822.0,49863.83,120140.83,66099.82,0.55
241,Management Analyst,Washington,District of Columbia,129078.0,Data Analyst,52.54,77.95,5433.45,17.985451807228916,120.1,72500,87072.5,2877.83,94572.0,100005.45,229083.45,89950.33,0.39
242,FUTURE CAPABILITIES ANALYST,Fort Meade,Maryland,168844.0,Data Analyst,26.17,75.44,6001.22,18.15,101.12,72500,73312.0,2865.48,47106.0,53107.22,221951.22,76177.48,0.34
243,ENGINEER/SCIENTIST,Dahlgren,Virginia,168844.0,Data Analyst,28.91,86.7,5590.44,14.46,94.71,72500,68664.75,2602.08,52038.0,57628.44,226472.44,71266.83,0.31
244,Management and Program Analyst,Battle Creek,Michigan,85027.5,Data Analyst,21.42,77.95,3880.78,18.41,85.9,72500,62277.5,2923.68,38556.0,42436.78,127464.28,65201.18,0.51
245,"Program Analyst, Healthcare Compliance (O-4 Billet) Non-Supervisory",Washington,District of Columbia,75000.5,Data Analyst,52.54,77.95,5433.45,17.985451807228916,120.1,72500,87072.5,2877.83,94572.0,100005.45,175005.95,89950.33,0.51
246,COMMAND PROGRAM SUPPORT SPECIALIST,Helena,Montana,85027.5,Data Analyst,30.2,123.37,5433.45,11.87,104.2,72500,75545.0,2762.4,54360.0,59793.45,144820.95,78307.4,0.54
247,Management Assistant (Office Automation),Fort Riley,Kansas,51702.0,Data Analyst,22.91,77.95,4429.11,13.85,87.52,72500,63452.0,2431.2,41238.0,45667.11,97369.11,65883.2,0.68
248,IT SPECIALIST (CUSTOMER SUPPORT),New Castle,Delaware,86625.0,Data Analyst,30.2,80.66,5433.45,16.68,101.3,72500,73442.5,2769.36,54360.0,59793.45,146418.45,76211.86,0.52
249,IT SPECIALIST (NETWORK),New Castle,Delaware,112304.0,Data Analyst,30.2,80.66,5433.45,16.68,101.3,72500,73442.5,2769.36,54360.0,59793.45,172097.45,76211.86,0.44
250,Supply Systems Analyst,Battle Creek,Michigan,101917.0,Data Analyst,21.42,77.95,3880.78,18.41,85.9,72500,62277.5,2923.68,38556.0,42436.78,144353.78,65201.18,0.45
251,Intelligence Specialist (S&T Analyst),Charlottesville,Virginia,138126.5,Data Analyst,28.91,86.7,5590.44,14.46,102.1,72500,74022.5,2602.08,52038.0,57628.44,195754.94,76624.58,0.39
252,BUDGET ANALYST,Scott AFB,Illinois,96975.5,Data Analyst,23.79,77.95,7041.83,15.99,88.06,72500,63843.5,2662.32,42822.0,49863.83,146839.33,66505.82,0.45
253,Operations Research Analyst (PUBLIC NOTICE),Gunter AFB,Alabama,69836.0,Data Analyst,20.67,74.1,4021.31,14.91,89.37,72500,64793.25,2499.48,37206.0,41227.31,111063.31,67292.73,0.61
254,Management and Program Analyst (Labor Management Relations),Washington,District of Columbia,128558.5,Data Analyst,52.54,77.95,5433.45,17.985451807228916,120.1,72500,87072.5,2877.83,94572.0,100005.45,228563.95,89950.33,0.39
255,Intelligence Operations Specialist,Louisville,Kentucky,101917.0,Data Analyst,19.71,79.56,4469.83,13.28,91.6,72500,66410.0,2388.96,35478.0,39947.83,141864.83,68798.96,0.48
256,Intelligence Operations Specialist,Louisville,Kentucky,101917.0,Data Analyst,19.71,79.56,4469.83,13.28,91.6,72500,66410.0,2388.96,35478.0,39947.83,141864.83,68798.96,0.48
257,ENGINEER/SCIENTIST,Dahlgren,Virginia,107643.5,Data Analyst,28.91,86.7,5590.44,14.46,94.71,72500,68664.75,2602.08,52038.0,57628.44,165271.94,71266.83,0.43
258,SUPV IT SPECIALIST (PLCYPLN) (TITLE 32),Tyndall AFB,Florida,121191.5,Data Analyst,31.24,83.25,4977.02,14.2,101.26,72500,73413.5,2532.6,56232.0,61209.02,182400.52,75946.1,0.42
259,IT SPECIALIST (NETWORK) (TITLE 5),Tyndall AFB,Florida,101917.0,Data Analyst,31.24,83.25,4977.02,14.2,101.26,72500,73413.5,2532.6,56232.0,61209.02,163126.02,75946.1,0.47
260,FINANCIAL MANAGEMENT ANALYST (TITLE 32),Scott AFB,Illinois,66343.0,Data Analyst,23.79,77.95,7041.83,15.99,88.06,72500,63843.5,2662.32,42822.0,49863.83,116206.83,66505.82,0.57
261,Program Analyst (Title 32) (Permanent),Richmond,Virginia,73410.5,Data Analyst,23.34,86.7,4570.38,14.46,99.2,72500,71920.0,2602.08,42012.0,46582.38,119992.88,74522.08,0.62
262,ACCOUNTING TECHNICIAN,Maxwell AFB,Alabama,51702.0,Data Analyst,20.67,74.1,4021.31,14.91,89.37,72500,64793.25,2499.48,37206.0,41227.31,92929.31,67292.73,0.72
263,Project Manager (Interdisciplinary),Chicago,Illinois,112810.5,Data Analyst,34.16,77.95,8319.68,15.99,100.1,72500,72572.5,2662.32,61488.0,69807.68,182618.18,75234.82,0.41
264,ENGINEER/SCIENTIST,Dahlgren,Virginia,118059.0,Data Analyst,28.91,86.7,5590.44,14.46,94.71,72500,68664.75,2602.08,52038.0,57628.44,175687.44,71266.83,0.41
265,IT SPEC (INFOSEC),Eastover,South Carolina,85027.5,Data Analyst,27.08,74.17,5433.45,13.87,93.41,72500,67722.25,2388.0,48744.0,54177.45,139204.95,70110.25,0.5
266,Program Analyst (Intake Coordinator),District of Columbia,District of Columbia,89949.0,Data Analyst,52.54,77.95,5433.45,17.985451807228916,120.1,72500,87072.5,2877.83,94572.0,100005.45,189954.45,89950.33,0.47
267,FINANCIAL MANAGEMENT ANALYST,Forbes AFB,Kansas,74229.5,Data Analyst,22.91,77.95,4429.11,13.85,87.52,72500,63452.0,2431.2,41238.0,45667.11,119896.61,65883.2,0.55
268,Business Analyst,New Cumberland Defense Logistics Center,Pennsylvania,89949.0,Data Analyst,28.6,84.33,6024.26,17.6,93.45,72500,67751.25,2912.76,51480.0,57504.26,147453.26,70664.01,0.48
269,INTELLIGENCE OPERATIONS SPECIALIST (TITLE 32),Peoria,Illinois,101917.0,Data Analyst,23.79,77.95,7041.83,15.99,86.7,72500,62857.5,2662.32,42822.0,49863.83,151780.83,65519.82,0.43
270,Procurement Analyst,Fort Cavazos,Texas,112810.5,Data Analyst,27.45,77.95,5151.54,15.32,91.05,72500,66011.25,2589.96,49410.0,54561.54,167372.04,68601.21,0.41
271,IT SPECIALIST (SYSTEMS ADMINISTRATION),Columbus,Ohio,88724.5,Data Analyst,21.28,77.95,4562.82,15.98,93.9,72500,68077.5,2661.24,38304.0,42866.82,131591.32,70738.74,0.54
272,Supervisory Health Systems Specialist,Topeka,Kansas,103580.0,Data Analyst,22.91,77.95,4429.11,13.85,85.6,72500,62060.0,2431.2,41238.0,45667.11,149247.11,64491.2,0.43
273,Management Analyst (Manpower Planning),Fort Belvoir,Virginia,129078.0,Data Analyst,28.91,86.7,5590.44,14.46,94.71,72500,68664.75,2602.08,52038.0,57628.44,186706.44,71266.83,0.38
274,Management and Program Analyst,Fort Belvoir,Virginia,80410.5,Data Analyst,28.91,86.7,5590.44,14.46,94.71,72500,68664.75,2602.08,52038.0,57628.44,138038.94,71266.83,0.52
275,Cybersecurity Research and Development - Technical,Chandler,Arizona,159050.0,Cybersecurity,31.63,75.34,5756.99,15.2,100.39,102500,102899.75,2545.68,56934.0,62690.99,221740.99,105445.43,0.48
276,Cybersecurity Research and Development - Leadership,Chandler,Arizona,161950.0,Cybersecurity,31.63,75.34,5756.99,15.2,100.39,102500,102899.75,2545.68,56934.0,62690.99,224640.99,105445.43,0.47
277,IT CYBERSECURITY SPECIALIST (SECURITY),Barksdale AFB,Louisiana,101917.0,Cybersecurity,19.57,77.95,3973.93,11.7,88.6,102500,90815.0,2199.0,35226.0,39199.93,141116.93,93014.0,0.66
278,IT Cybersecurity Specialist,Battle Creek,Michigan,149437.5,Cybersecurity,21.42,77.95,3880.78,18.41,85.9,102500,88047.5,2923.68,38556.0,42436.78,191874.28,90971.18,0.47
279,IT CYBERSECURITY SPEC (SYSADMIN),Fort Meade,Maryland,138667.0,Cybersecurity,26.17,75.44,6001.22,18.15,101.12,102500,103648.0,2865.48,47106.0,53107.22,191774.22,106513.48,0.56
280,IT Cybersecurity Specialist (INFOSEC),Orlando Naval Warfare Center,Florida,110698.5,Cybersecurity,31.24,83.25,4977.02,14.2,101.26,102500,103791.5,2532.6,56232.0,61209.02,171907.52,106324.1,0.62
281,IT CYBERSECURITY SPECIALIST (INFOSEC),Indiantown Gap,Pennsylvania,86749.0,Cybersecurity,28.6,84.33,6024.26,17.6,93.45,102500,95786.25,2912.76,51480.0,57504.26,144253.26,98699.01,0.68
282,IT CYBERSECURITY SPECIALIST (INFOSEC),Indiantown Gap,Pennsylvania,86749.0,Cybersecurity,28.6,84.33,6024.26,17.6,93.45,102500,95786.25,2912.76,51480.0,57504.26,144253.26,98699.01,0.68
283,IT CYBERSECURITY SPECIALIST (INFOSEC),Lincoln,Nebraska,81001.0,Cybersecurity,20.58,77.95,3710.21,10.78,94.7,102500,97067.5,2099.64,37044.0,40754.21,121755.21,99167.14,0.81
284,IT CYBERSECURITY SPECIALIST (INFOSEC),McConnell AFB,Kansas,101917.0,Cybersecurity,22.91,77.95,4429.11,13.85,87.52,102500,89708.0,2431.2,41238.0,45667.11,147584.11,92139.2,0.62
285,SUPERVISORY IT CYBERSECURITY SPECIALIST (INFOSEC),Indianapolis,Indiana,122320.5,Cybersecurity,20.84,77.95,4670.34,14.42,90.2,102500,92455.0,2492.76,37512.0,42182.34,164502.84,94947.76,0.58
286,IT CYBERSECURITY SPECIALIST (INFOSEC/PLCYPLN),Scott AFB,Illinois,90915.5,Cybersecurity,23.79,77.95,7041.83,15.99,88.06,102500,90261.5,2662.32,42822.0,49863.83,140779.33,92923.82,0.66
287,IT CYBERSECURITY SPECIALIST (INFOSEC),Scott AFB,Illinois,115673.0,Cybersecurity,23.79,77.95,7041.83,15.99,88.06,102500,90261.5,2662.32,42822.0,49863.83,165536.83,92923.82,0.56
288,Physical Embedded and Control Systems Security (PECSS) - Developmental,Chandler,Arizona,94500.0,Cybersecurity,31.63,75.34,5756.99,15.2,100.39,102500,102899.75,2545.68,56934.0,62690.99,157190.99,105445.43,0.67
289,Physical Embedded and Control Systems Security - Technical,Chandler,Arizona,159100.0,Cybersecurity,31.63,75.34,5756.99,15.2,100.39,102500,102899.75,2545.68,56934.0,62690.99,221790.99,105445.43,0.48
290,"Physical, Embedded, and Control Systems Security - Leadership",Chandler,Arizona,161950.0,Cybersecurity,31.63,75.34,5756.99,15.2,100.39,102500,102899.75,2545.68,56934.0,62690.99,224640.99,105445.43,0.47
291,IT CYBERSECURITY SPECIALIST (INFOSEC),Camp H.M. Smith Marine Corp Base,Hawaii,123982.0,Cybersecurity,37.48,63.18,5029.32,42.34,154.57,102500,158434.25,5330.88,67464.0,72493.32,196475.32,163765.13,0.83
292,Information Technology Cybersecurity Specialist,Oakland,California,106295.0,Cybersecurity,51.74,77.95,8415.01,30.55,125.75,102500,128893.75,4234.8,93132.0,101547.01,207842.01,133128.55,0.64
293,Information Technology Cybersecurity Specialist,Oakland,California,106295.0,Cybersecurity,51.74,77.95,8415.01,30.55,125.75,102500,128893.75,4234.8,93132.0,101547.01,207842.01,133128.55,0.64
294,Digital Forensics - Technical,Chandler,Arizona,159050.0,Cybersecurity,31.63,75.34,5756.99,15.2,100.39,102500,102899.75,2545.68,56934.0,62690.99,221740.99,105445.43,0.48
295,Vulnerability Assessment - Technical,Chandler,Arizona,159050.0,Cybersecurity,31.63,75.34,5756.99,15.2,100.39,102500,102899.75,2545.68,56934.0,62690.99,221740.99,105445.43,0.48
296,Security System Operations and Maintenance - Technical,Chandler,Arizona,159050.0,Cybersecurity,31.63,75.34,5756.99,15.2,100.39,102500,102899.75,2545.68,56934.0,62690.99,221740.99,105445.43,0.48
297,Secure Network Operations - Technical,Chandler,Arizona,159050.0,Cybersecurity,31.63,75.34,5756.99,15.2,100.39,102500,102899.75,2545.68,56934.0,62690.99,221740.99,105445.43,0.48
298,IT CYBERSECURITY SPECIALIST (APPSW/INFOSEC),Indianapolis,Indiana,87494.0,Cybersecurity,20.84,77.95,4670.34,14.42,90.2,102500,92455.0,2492.76,37512.0,42182.34,129676.34,94947.76,0.73
299,IT CYBERSECURITY SPECIALIST (CUSTSPT/INFOSEC),Gunter AFB,Alabama,96348.5,Cybersecurity,20.67,74.1,4021.31,14.91,89.37,102500,91604.25,2499.48,37206.0,41227.31,137575.81,94103.73,0.68
300,IT CYBERSECURITY SPECIALIST (SYSANALYSIS/INFOSEC),Indianapolis,Indiana,124217.0,Cybersecurity,20.84,77.95,4670.34,14.42,90.2,102500,92455.0,2492.76,37512.0,42182.34,166399.34,94947.76,0.57
301,LEAD IT CYBERSECURITY SPECIALIST (SYSANALYSIS/INFOSEC),Falls Church,Virginia,171274.5,Cybersecurity,29.0,86.7,5590.44,14.46,94.71,102500,97077.75,2602.08,52200.0,57790.44,229064.94,99679.83,0.44
302,Security System Operations and Maintenance - Leadership,Chandler,Arizona,161950.0,Cybersecurity,31.63,75.34,5756.99,15.2,100.39,102500,102899.75,2545.68,56934.0,62690.99,224640.99,105445.43,0.47
303,Secure Network Operations - Leadership,Chandler,Arizona,161950.0,Cybersecurity,31.63,75.34,5756.99,15.2,100.39,102500,102899.75,2545.68,56934.0,62690.99,224640.99,105445.43,0.47
304,Industrial Control System Specialist - Experienced Level (Maryland),Fort Meade,Maryland,147533.5,Cybersecurity,26.17,75.44,6001.22,18.15,101.12,102500,103648.0,2865.48,47106.0,53107.22,200640.72,106513.48,0.53
305,SUPERVISORY IT SPECIALIST (INFOSEC/PLCYPLN),Honolulu,Hawaii,149510.5,Cybersecurity,37.48,63.18,5029.32,42.34,158.0,102500,161950.0,5330.88,67464.0,72493.32,222003.82,167280.88,0.75
306,INFORMATION TECHNOLOGY SPECIALIST (INFOSEC),National Maritime Intelligence Center,Maryland,171003.5,Cybersecurity,26.17,75.44,6001.22,18.15,101.12,102500,103648.0,2865.48,47106.0,53107.22,224110.72,106513.48,0.48
307,IT SPECIALIST (INFOSEC) - DIRECT HIRE AUTHORITY,Wright-Patterson AFB,Ohio,114792.5,Cybersecurity,20.56,77.95,4054.52,15.98,88.8,102500,91020.0,2661.24,37008.0,41062.52,155855.02,93681.24,0.6
308,IT Specialist (INFOSEC),Battle Creek,Michigan,131069.0,Cybersecurity,21.42,77.95,3880.78,18.41,85.9,102500,88047.5,2923.68,38556.0,42436.78,173505.78,90971.18,0.52
309,Supervisory Information Technology Specialist (INFOSEC),Washington,District of Columbia,177932.0,Cybersecurity,52.54,77.95,5433.45,17.985451807228916,120.1,102500,123102.5,2877.83,94572.0,100005.45,277937.45,125980.33,0.45
310,Supervisory Information Technology Specialist (Security),Washington,District of Columbia,187558.5,Cybersecurity,52.54,77.95,5433.45,17.985451807228916,120.1,102500,123102.5,2877.83,94572.0,100005.45,287563.95,125980.33,0.44
311,INFORMATION TECHNOLOGY SPECIALIST (INFOSEC),Randolph AFB,Texas,134078.5,Cybersecurity,27.45,77.95,5151.54,15.32,91.05,102500,93326.25,2589.96,49410.0,54561.54,188640.04,95916.21,0.51
312,IT SPECIALIST (SYSANALYSIS/INFOSEC),Lackland AFB,Texas,151153.5,Cybersecurity,27.45,77.95,5151.54,15.32,91.05,102500,93326.25,2589.96,49410.0,54561.54,205715.04,95916.21,0.47
313,SUPERVISORY INFORMATION TECHNOLOGY SPECIALIST (INFOSEC),Fort Campbell,Kentucky,147361.0,Cybersecurity,19.69,79.56,4469.83,13.28,88.18,102500,90384.5,2388.96,35442.0,39911.83,187272.83,92773.46,0.5
314,IT SPECIALIST (INFOSEC),China Lake,California,120344.5,Cybersecurity,40.28,77.95,7036.89,30.55,125.75,102500,128893.75,4234.8,72504.0,79540.89,199885.39,133128.55,0.67
315,INFORMATION TECHNOLOGY SPECIALIST (INFOSEC),Atlanta,Georgia,128159.0,Cybersecurity,34.79,77.95,7289.35,13.49,100.3,102500,102807.5,2392.32,62622.0,69911.35,198070.35,105199.82,0.53
316,IT SPECIALIST (INFOSEC),Carlisle Barracks,Pennsylvania,123645.5,Cybersecurity,28.6,84.33,6024.26,17.6,93.45,102500,95786.25,2912.76,51480.0,57504.26,181149.76,98699.01,0.54
317,Information System Security Manager (ISSM) NF4,Quantico,Virginia,105000.0,Cybersecurity,28.91,86.7,5590.44,14.46,94.71,102500,97077.75,2602.08,52038.0,57628.44,162628.44,99679.83,0.61
318,COMPUTER SCIENTIST,Washington Navy Yard,District of Columbia,168844.0,Cybersecurity,52.54,77.95,5433.45,17.985451807228916,120.1,102500,123102.5,2877.83,94572.0,100005.45,268849.45,125980.33,0.47
319,Information Technology Specialist (Security),Washington,District of Columbia,145731.5,Cybersecurity,52.54,77.95,5433.45,17.985451807228916,120.1,102500,123102.5,2877.83,94572.0,100005.45,245736.95,125980.33,0.51
320,SUPERVISORY IT SPECIALIST (INFOSEC),Fort Drum,New York,124704.5,Cybersecurity,33.56,77.95,6758.4,24.37,97.04,102500,99466.0,3567.36,60408.0,67166.4,191870.9,103033.36,0.54
321,IT SPECIALIST (INFOSEC),Camp H.M. Smith Marine Corp Base,Hawaii,111322.0,Cybersecurity,37.48,63.18,5029.32,42.34,154.57,102500,158434.25,5330.88,67464.0,72493.32,183815.32,163765.13,0.89
322,IT Specialist (PLCYPLN/INFOSEC),Schofield Barracks,Hawaii,126523.5,Cybersecurity,37.48,63.18,5029.32,42.34,154.57,102500,158434.25,5330.88,67464.0,72493.32,199016.82,163765.13,0.82
323,IT Specialist (PLCYPLN/INFOSEC),Schofield Barracks,Hawaii,126523.5,Cybersecurity,37.48,63.18,5029.32,42.34,154.57,102500,158434.25,5330.88,67464.0,72493.32,199016.82,163765.13,0.82
324,Assistant General Counsel,Washington,District of Columbia,183989.0,Cybersecurity,52.54,77.95,5433.45,17.985451807228916,120.1,102500,123102.5,2877.83,94572.0,100005.45,283994.45,125980.33,0.44
325,INFORMATION TECHNOLOGY SPECIALIST (NETWORK),Annapolis,Maryland,116613.5,Cybersecurity,29.76,75.44,6001.22,18.15,101.12,102500,103648.0,2865.48,53568.0,59569.22,176182.72,106513.48,0.6
326,UNIT PROGRAM COORDINATOR,Holloman AFB,New Mexico,51702.0,Cybersecurity,19.07,68.46,4666.31,14.26,90.62,102500,92885.5,2361.6,34326.0,38992.31,90694.31,95247.1,1.05
327,UNIT PROGRAM COORDINATOR,Mountain Home AFB,Idaho,51702.0,Cybersecurity,23.06,64.88,4351.75,10.97,94.97,102500,97344.25,1963.32,41508.0,45859.75,97561.75,99307.57,1.02
328,Threat Operations Analyst,Arlington,Virginia,154931.0,Cybersecurity,41.96,86.7,5590.44,14.46,94.71,102500,97077.75,2602.08,75528.0,81118.44,236049.44,99679.83,0.42
329,UNIT PROGRAM COORDINATOR,Grand Forks,North Dakota,51702.0,Cybersecurity,30.2,56.42,5433.45,10.21,90.7,102500,92967.5,1779.72,54360.0,59793.45,111495.45,94747.22,0.85
330,UNIT PROGRAM COORDINATOR,Travis AFB,California,64634.0,Cybersecurity,40.28,77.95,7036.89,30.55,125.75,102500,128893.75,4234.8,72504.0,79540.89,144174.89,133128.55,0.92
331,UNIT PROGRAM COORDINATOR,Sheppard AFB,Texas,51702.0,Cybersecurity,27.45,77.95,5151.54,15.32,91.05,102500,93326.25,2589.96,49410.0,54561.54,106263.54,95916.21,0.9
332,UNIT PROGRAM COORDINATOR,McGuire AFB,New Jersey,60928.0,Cybersecurity,31.19,82.79,8059.16,19.49,103.4,102500,105985.0,3098.4,56142.0,64201.16,125129.16,109083.4,0.87
333,UNIT PROGRAM COORDINATOR,Moody AFB,Georgia,51702.0,Cybersecurity,23.66,77.95,5285.46,13.49,91.9,102500,94197.5,2392.32,42588.0,47873.46,99575.46,96589.82,0.97
334,IT Specialist (INFOSEC),Fort Bliss,Texas,86721.0,Cybersecurity,27.45,77.95,5151.54,15.32,91.05,102500,93326.25,2589.96,49410.0,54561.54,141282.54,95916.21,0.68
335,"CHIEF INFORMATION OFFICER, NF-2210-05",Jacksonville,North Carolina,49.56,Cybersecurity,27.48,77.95,4979.85,13.49,91.7,102500,93992.5,2392.32,49464.0,54443.85,54493.41,96384.82,1.77
336,Electrical Engineer,Rock Island,Illinois,94261.5,Cybersecurity,23.79,77.95,7041.83,15.99,88.06,102500,90261.5,2662.32,42822.0,49863.83,144125.33,92923.82,0.64
337,Biomedical Equipment Support Specialist (Information Systems),White River Junction,Vermont,115429.5,Cybersecurity,30.2,82.78,5433.45,22.29,112.8,102500,115620.0,3400.68,54360.0,59793.45,175222.95,119020.68,0.68
338,Biomedical Equipment Support Specialist (Information Systems),White River Junction,Vermont,115429.5,Cybersecurity,30.2,82.78,5433.45,22.29,112.8,102500,115620.0,3400.68,54360.0,59793.45,175222.95,119020.68,0.68
339,IT SPECIALIST (INFOSEC),Patuxent River,Maryland,126277.0,Cybersecurity,26.17,75.44,6001.22,18.15,101.12,102500,103648.0,2865.48,47106.0,53107.22,179384.22,106513.48,0.59
340,INFORMATION TECHNOLOGY SPECIALIST,Washington Navy Yard,District of Columbia,129078.0,Cybersecurity,52.54,77.95,5433.45,17.985451807228916,120.1,102500,123102.5,2877.83,94572.0,100005.45,229083.45,125980.33,0.55
341,SUPV IT CYBER SECURITY SPEC (INFOSEC) DIRECT HIRE,Elizabeth City,North Carolina,122993.0,Cybersecurity,27.48,77.95,4979.85,13.49,91.1,102500,93377.5,2392.32,49464.0,54443.85,177436.85,95769.82,0.54
342,IT SPEC (INFOSEC),Eastover,South Carolina,85027.5,Cybersecurity,27.08,74.17,5433.45,13.87,93.41,102500,95745.25,2388.0,48744.0,54177.45,139204.95,98133.25,0.7
343,Electrical Engineer (Open and Continuous),Baltimore,Maryland,135658.0,Cybersecurity,26.17,75.44,6001.22,18.15,107.0,102500,109675.0,2865.48,47106.0,53107.22,188765.22,112540.48,0.6
344,Program Manager - Mid Level (Maryland),Fort Meade,Maryland,108213.5,Cybersecurity,26.17,75.44,6001.22,18.15,101.12,102500,103648.0,2865.48,47106.0,53107.22,161320.72,106513.48,0.66
345,IT SPECIALIST (INFOSEC),Rock Island,Illinois,88888.5,Cybersecurity,23.79,77.95,7041.83,15.99,88.06,102500,90261.5,2662.32,42822.0,49863.83,138752.33,92923.82,0.67
346,IT SPECIALIST (SYSADMIN),China Lake,California,100590.5,Cybersecurity,40.28,77.95,7036.89,30.55,125.75,102500,128893.75,4234.8,72504.0,79540.89,180131.39,133128.55,0.74
347,Supervisory IT Specialist (SYSANALYSIS/INFOSEC),Battle Creek,Michigan,154882.5,Cybersecurity,21.42,77.95,3880.78,18.41,85.9,102500,88047.5,2923.68,38556.0,42436.78,197319.28,90971.18,0.46
348,Supervisory IT Specialist (SYSADMIN/INFOSEC),Battle Creek,Michigan,131069.0,Cybersecurity,21.42,77.95,3880.78,18.41,85.9,102500,88047.5,2923.68,38556.0,42436.78,173505.78,90971.18,0.52
349,IT Specialist  (SYSADMIN/INFOSEC),Battle Creek,Michigan,110223.5,Cybersecurity,21.42,77.95,3880.78,18.41,85.9,102500,88047.5,2923.68,38556.0,42436.78,152660.28,90971.18,0.6
350,IT Specialist (SYSANALYSIS),Battle Creek,Michigan,131069.0,Cybersecurity,21.42,77.95,3880.78,18.41,85.9,102500,88047.5,2923.68,38556.0,42436.78,173505.78,90971.18,0.52
351,SUPERVISORY IT SPECIALIST (PLCYPLN),Annapolis,Maryland,181401.5,Cybersecurity,29.76,75.44,6001.22,18.15,101.12,102500,103648.0,2865.48,53568.0,59569.22,240970.72,106513.48,0.44
352,INTERDISCIPLINARY-COMP ENG/ELEC ENG/OPS RESEARCH/COM SCIENTIST,Lackland AFB,Texas,151153.5,Cybersecurity,27.45,77.95,5151.54,15.32,91.05,102500,93326.25,2589.96,49410.0,54561.54,205715.04,95916.21,0.47
353,SUPERVISORY IT SPECIALIST (PLCYPLN)- DIRECT HIRE AUTHORITY,Edwards AFB,California,170190.0,Cybersecurity,40.28,77.95,7036.89,30.55,125.75,102500,128893.75,4234.8,72504.0,79540.89,249730.89,133128.55,0.53
354,SUPERVISORY OPERATIONS PROGRAM MANAGER,Camp H.M. Smith Marine Corp Base,Hawaii,149510.5,Cybersecurity,37.48,63.18,5029.32,42.34,154.57,102500,158434.25,5330.88,67464.0,72493.32,222003.82,163765.13,0.74
355,TELECOMMUNICATIONS SPECIALIST,Pearl Harbor,Hawaii,126523.5,Cybersecurity,37.48,63.18,5029.32,42.34,154.57,102500,158434.25,5330.88,67464.0,72493.32,199016.82,163765.13,0.82
356,TRAINING SPECIALIST (COURSE MANAGER),Linthicum,Maryland,132856.0,Cybersecurity,26.17,75.44,6001.22,18.15,101.12,102500,103648.0,2865.48,47106.0,53107.22,185963.22,106513.48,0.57
357,IT SPECIALIST (INFOSEC),Honolulu,Hawaii,149510.5,Cybersecurity,37.48,63.18,5029.32,42.34,158.0,102500,161950.0,5330.88,67464.0,72493.32,222003.82,167280.88,0.75
358,IT SPECIALIST (INFOSEC),China Lake,California,84775.0,Cybersecurity,40.28,77.95,7036.89,30.55,125.75,102500,128893.75,4234.8,72504.0,79540.89,164315.89,133128.55,0.81
359,UNIT PROGRAM COORDINATOR,Scott AFB,Illinois,53977.5,Cybersecurity,23.79,77.95,7041.83,15.99,88.06,102500,90261.5,2662.32,42822.0,49863.83,103841.33,92923.82,0.89
360,IT SPECIALIST (NETWORK),Fort Meade,Maryland,116613.5,Cybersecurity,26.17,75.44,6001.22,18.15,101.12,102500,103648.0,2865.48,47106.0,53107.22,169720.72,106513.48,0.63
361,Supervisory Biomedical Engineer (Clinical),Fresno,California,150117.5,Cybersecurity,23.55,77.95,4454.71,30.55,105.9,102500,108547.5,4234.8,42390.0,46844.71,196962.21,112782.3,0.57
362,IT SPECIALIST (INFOSEC),Twentynine Palms,California,118816.5,Cybersecurity,40.28,77.95,7036.89,30.55,125.75,102500,128893.75,4234.8,72504.0,79540.89,198357.39,133128.55,0.67
363,Principal Systems Engineer #5480,Washington DC,District of Columbia,151120.0,Cybersecurity,52.54,77.95,5433.45,17.985451807228916,120.1,102500,123102.5,2877.83,94572.0,100005.45,251125.45,125980.33,0.5
364,UNIT PROGRAM COORDINATOR,Shaw AFB,South Carolina,57456.0,Cybersecurity,27.08,74.17,5433.45,13.87,93.41,102500,95745.25,2388.0,48744.0,54177.45,111633.45,98133.25,0.88
365,Senior IT Specialist (Data Loss Prevention Security Engineer),Washington,District of Columbia,152906.5,Cybersecurity,52.54,77.95,5433.45,17.985451807228916,120.1,102500,123102.5,2877.83,94572.0,100005.45,252911.95,125980.33,0.5
366,Attorney (Government Contracts),San Francisco,California,162730.0,Cybersecurity,62.2,77.95,12650.66,30.55,178.6,102500,183065.0,4234.8,111960.0,124610.66,287340.66,187299.8,0.65
367,Public Notice - Police Officer - Recruitment Incentive - Relocation Incentive,Adams County,Pennsylvania,97676.0,Cybersecurity,28.6,84.33,6024.26,17.6,93.45,102500,95786.25,2912.76,51480.0,57504.26,155180.26,98699.01,0.64
368,Biomedical Equipment Support Specialist (Information Systems),Amarillo,Texas,111287.0,Cybersecurity,15.7,77.95,3622.81,15.32,88.2,102500,90405.0,2589.96,28260.0,31882.81,143169.81,92994.96,0.65
369,Information Technology Specialist (Security),Fort Drum,New York,88193.5,Cybersecurity,33.56,77.95,6758.4,24.37,97.04,102500,99466.0,3567.36,60408.0,67166.4,155359.9,103033.36,0.66
